sample_token,attribute,error_rate
00889f8a9549450aa2f32cf310a3e305,time_of_day,0.0
00889f8a9549450aa2f32cf310a3e305,vehicle_density,1.0
00889f8a9549450aa2f32cf310a3e305,vru_present,0.133
00889f8a9549450aa2f32cf310a3e305,weather,0.133
0106a9b8e65f4ad1867b44591aeed8b0,time_of_day,0.4
0106a9b8e65f4ad1867b44591aeed8b0,vehicle_density,1.0
0106a9b8e65f4ad1867b44591aeed8b0,vru_present,0.733
0106a9b8e65f4ad1867b44591aeed8b0,weather,0.0
023c4df2d451409881d8e6ea82f14704,time_of_day,0.0
023c4df2d451409881d8e6ea82f14704,vehicle_density,0.067
023c4df2d451409881d8e6ea82f14704,vru_present,0.667
023c4df2d451409881d8e6ea82f14704,weather,0.0
0307afa1ec7e48ce90295acabf8cb6dd,time_of_day,0.0
0307afa1ec7e48ce90295acabf8cb6dd,vehicle_density,1.0
0307afa1ec7e48ce90295acabf8cb6dd,vru_present,1.0
0307afa1ec7e48ce90295acabf8cb6dd,weather,0.4
0373e9d8886648779c8a73304919ab5f,time_of_day,0.0
0373e9d8886648779c8a73304919ab5f,vehicle_density,1.0
0373e9d8886648779c8a73304919ab5f,vru_present,0.0
0373e9d8886648779c8a73304919ab5f,weather,0.2
0402e40724984f3b833496067d46c771,time_of_day,0.0
0402e40724984f3b833496067d46c771,vehicle_density,0.267
0402e40724984f3b833496067d46c771,vru_present,1.0
0402e40724984f3b833496067d46c771,weather,0.0
042f582eb2bb4231910918ba85f390d3,time_of_day,0.2
042f582eb2bb4231910918ba85f390d3,vehicle_density,0.0
042f582eb2bb4231910918ba85f390d3,vru_present,1.0
048a45dd2cf54aa5808d8ccc85731d44,time_of_day,0.2
048a45dd2cf54aa5808d8ccc85731d44,vehicle_density,1.0
048a45dd2cf54aa5808d8ccc85731d44,vru_present,0.333
050b2d9c4bb647b7ab4ee94bdb538e1d,time_of_day,0.2
050b2d9c4bb647b7ab4ee94bdb538e1d,vehicle_density,0.467
050b2d9c4bb647b7ab4ee94bdb538e1d,vru_present,0.333
050b2d9c4bb647b7ab4ee94bdb538e1d,weather,0.067
056becbc0d5a46da8d59eebddedb47bb,time_of_day,0.0
056becbc0d5a46da8d59eebddedb47bb,vehicle_density,1.0
056becbc0d5a46da8d59eebddedb47bb,vru_present,1.0
05bc09f952ab4cf8b754405f20d503c5,time_of_day,0.0
05bc09f952ab4cf8b754405f20d503c5,vehicle_density,1.0
05bc09f952ab4cf8b754405f20d503c5,vru_present,0.2
05bc09f952ab4cf8b754405f20d503c5,weather,0.0
05e993bd780241aabaa30dd2a0473286,time_of_day,0.2
05e993bd780241aabaa30dd2a0473286,vehicle_density,0.8
05e993bd780241aabaa30dd2a0473286,vru_present,1.0
05e993bd780241aabaa30dd2a0473286,weather,0.267
06be0e3b665c44fa8d17d9f4770bdf9c,time_of_day,0.4
06be0e3b665c44fa8d17d9f4770bdf9c,vehicle_density,1.0
06be0e3b665c44fa8d17d9f4770bdf9c,vru_present,0.733
07175443e8444b8c8c4802fd004e33c1,time_of_day,0.0
07175443e8444b8c8c4802fd004e33c1,vehicle_density,1.0
07175443e8444b8c8c4802fd004e33c1,vru_present,1.0
07c29094cb6144aa889c16c52f762d79,time_of_day,0.8
07c29094cb6144aa889c16c52f762d79,vehicle_density,1.0
07c29094cb6144aa889c16c52f762d79,vru_present,0.333
07fad91090c746ccaa1b2bdb55329e20,time_of_day,0.2
07fad91090c746ccaa1b2bdb55329e20,vehicle_density,0.133
07fad91090c746ccaa1b2bdb55329e20,vru_present,0.0
083240c8c70b44e4ac6fc7f267b1518f,time_of_day,0.2
083240c8c70b44e4ac6fc7f267b1518f,vehicle_density,1.0
083240c8c70b44e4ac6fc7f267b1518f,vru_present,1.0
083240c8c70b44e4ac6fc7f267b1518f,weather,0.8
0915646e387b484785ae2b847ffdee2f,time_of_day,0.8
0915646e387b484785ae2b847ffdee2f,vehicle_density,1.0
0915646e387b484785ae2b847ffdee2f,vru_present,0.467
092051710b7b4d9294e98dcb3f0f7be1,time_of_day,0.8
092051710b7b4d9294e98dcb3f0f7be1,vehicle_density,1.0
092051710b7b4d9294e98dcb3f0f7be1,vru_present,0.8
092051710b7b4d9294e98dcb3f0f7be1,weather,0.133
0a0d6b8c2e884134a3b48df43d54c36a,time_of_day,0.0
0a0d6b8c2e884134a3b48df43d54c36a,vehicle_density,0.6
0a0d6b8c2e884134a3b48df43d54c36a,vru_present,0.467
0a0d6b8c2e884134a3b48df43d54c36a,weather,0.0
0a3abc33048d46f9bd78151d1df4b004,time_of_day,0.2
0a3abc33048d46f9bd78151d1df4b004,vehicle_density,0.8
0a3abc33048d46f9bd78151d1df4b004,vru_present,0.2
0a3abc33048d46f9bd78151d1df4b004,weather,0.2
0af0feb5b1394b928dd13d648de898f5,time_of_day,0.0
0af0feb5b1394b928dd13d648de898f5,vehicle_density,0.8
0af0feb5b1394b928dd13d648de898f5,vru_present,0.0
0af0feb5b1394b928dd13d648de898f5,weather,0.0
0bb62a68055249e381b039bf54b0ccf8,time_of_day,0.2
0bb62a68055249e381b039bf54b0ccf8,vehicle_density,0.2
0bb62a68055249e381b039bf54b0ccf8,vru_present,0.267
0cd661df01aa40c3bb3a773ba86f753a,time_of_day,0.067
0cd661df01aa40c3bb3a773ba86f753a,vehicle_density,0.533
0cd661df01aa40c3bb3a773ba86f753a,vru_present,0.0
0cd661df01aa40c3bb3a773ba86f753a,weather,0.067
0d0700a2284e477db876c3ee1d864668,time_of_day,0.0
0d0700a2284e477db876c3ee1d864668,vehicle_density,0.267
0d0700a2284e477db876c3ee1d864668,vru_present,0.333
0d0700a2284e477db876c3ee1d864668,weather,0.0
0d6668bcb0644bbaaee81c17cc308845,time_of_day,0.2
0d6668bcb0644bbaaee81c17cc308845,vehicle_density,0.733
0d6668bcb0644bbaaee81c17cc308845,vru_present,0.067
0d6668bcb0644bbaaee81c17cc308845,weather,0.267
0d7263a5b8264cad996582d6219ef1f2,time_of_day,0.0
0d7263a5b8264cad996582d6219ef1f2,vehicle_density,0.8
0d7263a5b8264cad996582d6219ef1f2,vru_present,0.4
0d7263a5b8264cad996582d6219ef1f2,weather,0.0
0e837c21890a4515874247ceb3dbf5c3,time_of_day,0.0
0e837c21890a4515874247ceb3dbf5c3,vehicle_density,1.0
0e837c21890a4515874247ceb3dbf5c3,vru_present,0.867
0ee7e7691e3e4bd88d43150073906a4f,time_of_day,0.4
0ee7e7691e3e4bd88d43150073906a4f,vehicle_density,0.6
0ee7e7691e3e4bd88d43150073906a4f,vru_present,0.8
0fa505e5dd804d3b9f9f076d23b28d6d,time_of_day,0.0
0fa505e5dd804d3b9f9f076d23b28d6d,vehicle_density,0.733
0fa505e5dd804d3b9f9f076d23b28d6d,vru_present,0.6
0fa505e5dd804d3b9f9f076d23b28d6d,weather,0.0
12e1aa58e9d04068a33f37b896b901a3,time_of_day,0.0
12e1aa58e9d04068a33f37b896b901a3,vehicle_density,1.0
12e1aa58e9d04068a33f37b896b901a3,vru_present,1.0
12e1aa58e9d04068a33f37b896b901a3,weather,0.333
134ae8a8f5c340f9894a414fc0966af4,time_of_day,0.2
134ae8a8f5c340f9894a414fc0966af4,vehicle_density,1.0
134ae8a8f5c340f9894a414fc0966af4,vru_present,0.333
134ae8a8f5c340f9894a414fc0966af4,weather,0.067
17723c0411434e48875a93de4db0ecba,time_of_day,0.2
17723c0411434e48875a93de4db0ecba,vehicle_density,0.0
17723c0411434e48875a93de4db0ecba,vru_present,0.0
17723c0411434e48875a93de4db0ecba,weather,0.0
17a9388ec4b04e028b4d07af2cc3a45c,time_of_day,0.2
17a9388ec4b04e028b4d07af2cc3a45c,vehicle_density,1.0
17a9388ec4b04e028b4d07af2cc3a45c,vru_present,0.6
17a9388ec4b04e028b4d07af2cc3a45c,weather,0.4
1923316323b44b86b3389178fb026db6,time_of_day,0.6
1923316323b44b86b3389178fb026db6,vehicle_density,0.933
1923316323b44b86b3389178fb026db6,vru_present,0.867
1923316323b44b86b3389178fb026db6,weather,0.0
19f02e3faab4412988f28d419e1727fa,time_of_day,0.133
19f02e3faab4412988f28d419e1727fa,vehicle_density,0.8
19f02e3faab4412988f28d419e1727fa,vru_present,0.333
19f02e3faab4412988f28d419e1727fa,weather,0.067
1b90013f0287408f9371729424c93892,time_of_day,0.0
1b90013f0287408f9371729424c93892,vehicle_density,1.0
1b90013f0287408f9371729424c93892,vru_present,1.0
1b90013f0287408f9371729424c93892,weather,0.2
1c9a906c40f6417bbe1cea06d6e55501,time_of_day,0.0
1c9a906c40f6417bbe1cea06d6e55501,vehicle_density,0.067
1c9a906c40f6417bbe1cea06d6e55501,vru_present,0.0
1c9a906c40f6417bbe1cea06d6e55501,weather,0.067
1dba6570f0774b5cb87de6694bb338c0,time_of_day,0.267
1dba6570f0774b5cb87de6694bb338c0,vehicle_density,0.667
1dba6570f0774b5cb87de6694bb338c0,vru_present,0.933
1dba6570f0774b5cb87de6694bb338c0,weather,0.333
1ddf7a48af3d43be8763f154974f09ce,time_of_day,0.2
1ddf7a48af3d43be8763f154974f09ce,vehicle_density,0.8
1ddf7a48af3d43be8763f154974f09ce,vru_present,1.0
1ddf7a48af3d43be8763f154974f09ce,weather,0.8
1e0d1b76ea134c7db0592c4510f5e737,time_of_day,0.6
1e0d1b76ea134c7db0592c4510f5e737,vehicle_density,1.0
1e0d1b76ea134c7db0592c4510f5e737,vru_present,0.067
1e3d79dae62742a0ad64c91679863358,time_of_day,0.067
1e3d79dae62742a0ad64c91679863358,vehicle_density,0.0
1e3d79dae62742a0ad64c91679863358,vru_present,1.0
1e3d79dae62742a0ad64c91679863358,weather,0.0
1fc26189c2524ef396e5ce6cc210c1cd,time_of_day,0.533
1fc26189c2524ef396e5ce6cc210c1cd,vehicle_density,0.133
1fc26189c2524ef396e5ce6cc210c1cd,vru_present,0.867
1fc26189c2524ef396e5ce6cc210c1cd,weather,0.2
2021b6b367984ad7b18464a550d0ae8d,time_of_day,0.0
2021b6b367984ad7b18464a550d0ae8d,vehicle_density,0.933
2021b6b367984ad7b18464a550d0ae8d,vru_present,0.467
2021b6b367984ad7b18464a550d0ae8d,weather,0.0
21342b260f964064855aa8ad1e741a22,time_of_day,0.0
21342b260f964064855aa8ad1e741a22,vehicle_density,0.133
21342b260f964064855aa8ad1e741a22,vru_present,0.733
21342b260f964064855aa8ad1e741a22,weather,0.0
225aa2795d63442ebc496cd0c49d3bdb,time_of_day,0.4
225aa2795d63442ebc496cd0c49d3bdb,vehicle_density,0.933
225aa2795d63442ebc496cd0c49d3bdb,vru_present,0.667
225aa2795d63442ebc496cd0c49d3bdb,weather,0.133
236f1ecb6ee7459d918cd011831674d6,time_of_day,0.0
236f1ecb6ee7459d918cd011831674d6,vehicle_density,0.667
236f1ecb6ee7459d918cd011831674d6,vru_present,0.267
236f1ecb6ee7459d918cd011831674d6,weather,0.067
23799328f65843fc9e0c71f2bfbe90ef,time_of_day,0.0
23799328f65843fc9e0c71f2bfbe90ef,vehicle_density,1.0
23799328f65843fc9e0c71f2bfbe90ef,vru_present,0.467
23799328f65843fc9e0c71f2bfbe90ef,weather,0.0
252b65dd79ce4712af1b898b64ea3b98,time_of_day,0.0
252b65dd79ce4712af1b898b64ea3b98,vehicle_density,0.933
252b65dd79ce4712af1b898b64ea3b98,vru_present,0.6
252b65dd79ce4712af1b898b64ea3b98,weather,0.0
2578329fc3ae484bb23ef766808f4be5,time_of_day,0.0
2578329fc3ae484bb23ef766808f4be5,vehicle_density,0.933
2578329fc3ae484bb23ef766808f4be5,vru_present,0.667
2578329fc3ae484bb23ef766808f4be5,weather,0.0
25a4a6aa9096458285cba35c950f2717,time_of_day,0.267
25a4a6aa9096458285cba35c950f2717,vehicle_density,1.0
25a4a6aa9096458285cba35c950f2717,vru_present,0.733
25a4a6aa9096458285cba35c950f2717,weather,0.0
264c5f3a04744d53a72fd07c1bb6a724,time_of_day,0.267
264c5f3a04744d53a72fd07c1bb6a724,vehicle_density,0.933
264c5f3a04744d53a72fd07c1bb6a724,vru_present,0.8
264c5f3a04744d53a72fd07c1bb6a724,weather,0.067
2690c36281244c06b709e9f4eeb1317a,time_of_day,0.2
2690c36281244c06b709e9f4eeb1317a,vehicle_density,0.6
2690c36281244c06b709e9f4eeb1317a,vru_present,0.267
2690c36281244c06b709e9f4eeb1317a,weather,0.0
269ccf1fe399403c914e1f649d2a8ca2,time_of_day,0.0
269ccf1fe399403c914e1f649d2a8ca2,vehicle_density,1.0
269ccf1fe399403c914e1f649d2a8ca2,vru_present,0.733
269ccf1fe399403c914e1f649d2a8ca2,weather,0.0
26e594c412e84bdda76e344933fe305a,time_of_day,0.8
26e594c412e84bdda76e344933fe305a,vehicle_density,0.8
26e594c412e84bdda76e344933fe305a,vru_present,0.8
26e594c412e84bdda76e344933fe305a,weather,0.333
26f99f91a8e14038bd52aee4d00df394,time_of_day,0.2
26f99f91a8e14038bd52aee4d00df394,vehicle_density,1.0
26f99f91a8e14038bd52aee4d00df394,vru_present,0.267
26f99f91a8e14038bd52aee4d00df394,weather,0.067
273c930b3f384bd58b2bbae02fe81d1e,time_of_day,0.0
273c930b3f384bd58b2bbae02fe81d1e,vehicle_density,0.733
273c930b3f384bd58b2bbae02fe81d1e,vru_present,0.6
27749aa3de2545219186c61d4d415e1c,time_of_day,0.0
27749aa3de2545219186c61d4d415e1c,vehicle_density,0.2
27749aa3de2545219186c61d4d415e1c,vru_present,1.0
27900b9c3cfb48ed8b49087098d4a15a,time_of_day,0.0
27900b9c3cfb48ed8b49087098d4a15a,vehicle_density,1.0
27900b9c3cfb48ed8b49087098d4a15a,vru_present,0.267
27900b9c3cfb48ed8b49087098d4a15a,weather,0.0
281b92269fd648d4b52d06ac06ca6d65,time_of_day,0.0
281b92269fd648d4b52d06ac06ca6d65,vehicle_density,0.4
281b92269fd648d4b52d06ac06ca6d65,vru_present,1.0
281b92269fd648d4b52d06ac06ca6d65,weather,0.0
286532245ff646a9915070c8b402e487,time_of_day,0.133
286532245ff646a9915070c8b402e487,vehicle_density,1.0
286532245ff646a9915070c8b402e487,vru_present,1.0
286532245ff646a9915070c8b402e487,weather,0.2
29796060110c4163b07f06eff4af0753,time_of_day,0.2
29796060110c4163b07f06eff4af0753,vehicle_density,0.867
29796060110c4163b07f06eff4af0753,vru_present,0.933
29796060110c4163b07f06eff4af0753,weather,0.2
29e056fc277543c9bc42310b122c640e,time_of_day,0.0
29e056fc277543c9bc42310b122c640e,vehicle_density,1.0
29e056fc277543c9bc42310b122c640e,vru_present,0.067
29e056fc277543c9bc42310b122c640e,weather,0.0
2afb9d32310e4546a71cbe432911eca2,time_of_day,0.0
2afb9d32310e4546a71cbe432911eca2,vehicle_density,0.0
2afb9d32310e4546a71cbe432911eca2,vru_present,0.2
2afb9d32310e4546a71cbe432911eca2,weather,0.067
2c3e2cfc699f4ca78cc77dc3161d1763,time_of_day,0.0
2c3e2cfc699f4ca78cc77dc3161d1763,vehicle_density,1.0
2c3e2cfc699f4ca78cc77dc3161d1763,vru_present,1.0
2c3e2cfc699f4ca78cc77dc3161d1763,weather,0.4
2c77ee386aa0444aaf27140fe6cc8364,time_of_day,0.0
2c77ee386aa0444aaf27140fe6cc8364,vehicle_density,0.267
2c77ee386aa0444aaf27140fe6cc8364,vru_present,0.267
2c77ee386aa0444aaf27140fe6cc8364,weather,0.2
2e024439286d469f8f743fe9266c0e56,time_of_day,0.0
2e024439286d469f8f743fe9266c0e56,vehicle_density,0.533
2e024439286d469f8f743fe9266c0e56,vru_present,0.0
2e024439286d469f8f743fe9266c0e56,weather,0.0
2e96e4ef43624c3d9ae8fd5526444fa8,time_of_day,0.2
2e96e4ef43624c3d9ae8fd5526444fa8,vehicle_density,0.2
2e96e4ef43624c3d9ae8fd5526444fa8,vru_present,1.0
2e96e4ef43624c3d9ae8fd5526444fa8,weather,0.8
2ff86dc19c4644a1a88ce5ba848f56e5,time_of_day,0.0
2ff86dc19c4644a1a88ce5ba848f56e5,vehicle_density,0.0
2ff86dc19c4644a1a88ce5ba848f56e5,vru_present,0.4
2ff86dc19c4644a1a88ce5ba848f56e5,weather,0.067
30aaef2c5ab44dc4afea271fe829b459,time_of_day,0.0
30aaef2c5ab44dc4afea271fe829b459,vehicle_density,0.4
30aaef2c5ab44dc4afea271fe829b459,vru_present,1.0
30aaef2c5ab44dc4afea271fe829b459,weather,1.0
312cd4d3bef1476a9211d3dab50dd0b7,time_of_day,0.267
312cd4d3bef1476a9211d3dab50dd0b7,vehicle_density,1.0
312cd4d3bef1476a9211d3dab50dd0b7,vru_present,0.4
312cd4d3bef1476a9211d3dab50dd0b7,weather,0.067
313a60afcab5481a94a4815e0d1a6496,time_of_day,0.0
313a60afcab5481a94a4815e0d1a6496,vehicle_density,1.0
313a60afcab5481a94a4815e0d1a6496,vru_present,0.067
313a60afcab5481a94a4815e0d1a6496,weather,0.067
31812a5e8d514b5f8d2fbc50fc007475,time_of_day,0.0
31812a5e8d514b5f8d2fbc50fc007475,vehicle_density,0.8
31812a5e8d514b5f8d2fbc50fc007475,vru_present,0.133
31812a5e8d514b5f8d2fbc50fc007475,weather,0.0
32e2619879854a83953c08ec8557f3bb,time_of_day,0.0
32e2619879854a83953c08ec8557f3bb,vehicle_density,1.0
32e2619879854a83953c08ec8557f3bb,vru_present,0.133
32e2619879854a83953c08ec8557f3bb,weather,0.0
348c8122f47349429a6cd694dcac86e6,time_of_day,0.0
348c8122f47349429a6cd694dcac86e6,vehicle_density,1.0
348c8122f47349429a6cd694dcac86e6,vru_present,0.933
348c8122f47349429a6cd694dcac86e6,weather,0.2
356d81f38dd9473ba590f39e266f54e5,time_of_day,0.133
356d81f38dd9473ba590f39e266f54e5,vehicle_density,0.8
356d81f38dd9473ba590f39e266f54e5,vru_present,0.533
356d81f38dd9473ba590f39e266f54e5,weather,0.0
35833ae5808e4ef186d1fdebac3d9cf6,time_of_day,0.133
35833ae5808e4ef186d1fdebac3d9cf6,vehicle_density,1.0
35833ae5808e4ef186d1fdebac3d9cf6,vru_present,0.6
35833ae5808e4ef186d1fdebac3d9cf6,weather,0.0
36aa1c0eeb50457b97911c3bd742a730,time_of_day,0.2
36aa1c0eeb50457b97911c3bd742a730,vehicle_density,1.0
36aa1c0eeb50457b97911c3bd742a730,vru_present,0.0
36aa1c0eeb50457b97911c3bd742a730,weather,0.067
372725a4b00e49c78d6d0b1c4a38b6e0,time_of_day,0.2
372725a4b00e49c78d6d0b1c4a38b6e0,vehicle_density,1.0
372725a4b00e49c78d6d0b1c4a38b6e0,vru_present,0.6
37535cd306954669a2b21578573b93e3,time_of_day,0.0
37535cd306954669a2b21578573b93e3,vehicle_density,1.0
37535cd306954669a2b21578573b93e3,vru_present,0.2
37535cd306954669a2b21578573b93e3,weather,0.0
378a3a3e9af346308ab9dff8ced46d9c,time_of_day,0.133
378a3a3e9af346308ab9dff8ced46d9c,vehicle_density,0.667
378a3a3e9af346308ab9dff8ced46d9c,vru_present,0.0
378a3a3e9af346308ab9dff8ced46d9c,weather,0.067
37bed8d646cd4f0f8eac519794dd8bd7,time_of_day,0.2
37bed8d646cd4f0f8eac519794dd8bd7,vehicle_density,0.667
37bed8d646cd4f0f8eac519794dd8bd7,vru_present,1.0
37bed8d646cd4f0f8eac519794dd8bd7,weather,0.4
384e26fb47f94faea344766bb26f987a,time_of_day,0.2
384e26fb47f94faea344766bb26f987a,vehicle_density,0.467
384e26fb47f94faea344766bb26f987a,vru_present,1.0
384e26fb47f94faea344766bb26f987a,weather,0.8
385d542a35384181bc1e69cfd2df0664,time_of_day,0.2
385d542a35384181bc1e69cfd2df0664,vehicle_density,0.8
385d542a35384181bc1e69cfd2df0664,vru_present,1.0
385d542a35384181bc1e69cfd2df0664,weather,0.667
38a28a3aaf2647f2a8c0e90e31267bf8,time_of_day,0.0
38a28a3aaf2647f2a8c0e90e31267bf8,vehicle_density,0.0
38a28a3aaf2647f2a8c0e90e31267bf8,vru_present,0.0
38a28a3aaf2647f2a8c0e90e31267bf8,weather,0.0
3950bd41f74548429c0f7700ff3d8269,time_of_day,0.0
3950bd41f74548429c0f7700ff3d8269,vehicle_density,0.533
3950bd41f74548429c0f7700ff3d8269,vru_present,0.2
3950bd41f74548429c0f7700ff3d8269,weather,0.0
39586f9d59004284a7114a68825e8eec,time_of_day,0.0
39586f9d59004284a7114a68825e8eec,vehicle_density,0.733
39586f9d59004284a7114a68825e8eec,vru_present,0.867
39586f9d59004284a7114a68825e8eec,weather,0.0
39bc0a6b3692446d8ba3bde3d6a0774e,time_of_day,0.0
39bc0a6b3692446d8ba3bde3d6a0774e,vehicle_density,0.467
39bc0a6b3692446d8ba3bde3d6a0774e,vru_present,0.067
39bc0a6b3692446d8ba3bde3d6a0774e,weather,0.0
3a064c48e47b489a8b442b8081f877b6,time_of_day,0.0
3a064c48e47b489a8b442b8081f877b6,vehicle_density,0.933
3a064c48e47b489a8b442b8081f877b6,vru_present,0.2
3a064c48e47b489a8b442b8081f877b6,weather,0.067
3a7aa284dd9d485d8effc20db8cda140,time_of_day,0.133
3a7aa284dd9d485d8effc20db8cda140,vehicle_density,0.933
3a7aa284dd9d485d8effc20db8cda140,vru_present,0.267
3a7aa284dd9d485d8effc20db8cda140,weather,0.0
3b594831ff7f4e27a9889c7b7d0d8e92,time_of_day,0.733
3b594831ff7f4e27a9889c7b7d0d8e92,vehicle_density,1.0
3b594831ff7f4e27a9889c7b7d0d8e92,vru_present,0.267
3b594af1b130490989536590345c9dc9,time_of_day,0.0
3b594af1b130490989536590345c9dc9,vehicle_density,1.0
3b594af1b130490989536590345c9dc9,vru_present,1.0
3be9d2705879419f8f3afc08949dca57,time_of_day,0.0
3be9d2705879419f8f3afc08949dca57,vehicle_density,0.8
3be9d2705879419f8f3afc08949dca57,vru_present,1.0
3be9d2705879419f8f3afc08949dca57,weather,0.8
3d22d2c87c5b483a914c7e8125326013,time_of_day,0.0
3d22d2c87c5b483a914c7e8125326013,vehicle_density,1.0
3d22d2c87c5b483a914c7e8125326013,vru_present,1.0
3d22d2c87c5b483a914c7e8125326013,weather,0.2
3d9b4a27209e4624b491f48144be21d6,time_of_day,0.0
3d9b4a27209e4624b491f48144be21d6,vehicle_density,1.0
3d9b4a27209e4624b491f48144be21d6,vru_present,0.933
3d9b4a27209e4624b491f48144be21d6,weather,0.4
3e7ed5cf0b4541e4a0e1b109dfea89cf,time_of_day,0.6
3e7ed5cf0b4541e4a0e1b109dfea89cf,vehicle_density,0.867
3e7ed5cf0b4541e4a0e1b109dfea89cf,vru_present,1.0
3e7ed5cf0b4541e4a0e1b109dfea89cf,weather,0.4
3e8750f331d7499e9b5123e9eb70f2e2,time_of_day,0.0
3e8750f331d7499e9b5123e9eb70f2e2,vehicle_density,0.533
3e8750f331d7499e9b5123e9eb70f2e2,vru_present,0.4
3e8750f331d7499e9b5123e9eb70f2e2,weather,0.0
3f2ddc9476eb475b8c46f777f508cedb,time_of_day,0.0
3f2ddc9476eb475b8c46f777f508cedb,vehicle_density,0.467
3f2ddc9476eb475b8c46f777f508cedb,vru_present,1.0
3ff58ee0fc4748d9895300f02114aa56,time_of_day,0.2
3ff58ee0fc4748d9895300f02114aa56,vehicle_density,0.8
3ff58ee0fc4748d9895300f02114aa56,vru_present,0.333
3ff58ee0fc4748d9895300f02114aa56,weather,0.067
3ffc4360d1084e6eae5067e87d79503f,time_of_day,0.0
3ffc4360d1084e6eae5067e87d79503f,vehicle_density,0.8
3ffc4360d1084e6eae5067e87d79503f,vru_present,0.333
3ffc4360d1084e6eae5067e87d79503f,weather,0.0
407969e29bf741f184bf8405af03588e,time_of_day,0.0
407969e29bf741f184bf8405af03588e,vehicle_density,1.0
407969e29bf741f184bf8405af03588e,vru_present,1.0
407969e29bf741f184bf8405af03588e,weather,0.133
41550a1f0b0548e5823b14d95e807c7d,time_of_day,0.267
41550a1f0b0548e5823b14d95e807c7d,vehicle_density,0.4
41550a1f0b0548e5823b14d95e807c7d,vru_present,0.6
41550a1f0b0548e5823b14d95e807c7d,weather,0.0
4246e57f018745c9b2bc68feb3d71b58,time_of_day,0.133
4246e57f018745c9b2bc68feb3d71b58,vehicle_density,1.0
4246e57f018745c9b2bc68feb3d71b58,vru_present,0.0
4246e57f018745c9b2bc68feb3d71b58,weather,0.133
44237858a539457da65822bfcf58c414,time_of_day,0.2
44237858a539457da65822bfcf58c414,vehicle_density,1.0
44237858a539457da65822bfcf58c414,vru_present,1.0
447c96d132e9494e8b03050e8dcae124,time_of_day,0.0
447c96d132e9494e8b03050e8dcae124,vehicle_density,0.933
447c96d132e9494e8b03050e8dcae124,vru_present,0.333
447c96d132e9494e8b03050e8dcae124,weather,0.0
456ec36cb4a44ca78f36fbd90c0c34fa,time_of_day,0.0
456ec36cb4a44ca78f36fbd90c0c34fa,vehicle_density,0.867
456ec36cb4a44ca78f36fbd90c0c34fa,vru_present,0.133
456ec36cb4a44ca78f36fbd90c0c34fa,weather,0.0
46292fc546f048f29520299220f22798,time_of_day,0.0
46292fc546f048f29520299220f22798,vehicle_density,1.0
46292fc546f048f29520299220f22798,vru_present,0.067
46292fc546f048f29520299220f22798,weather,0.2
4711bcd34644420da8bc77163431888e,time_of_day,0.0
4711bcd34644420da8bc77163431888e,vehicle_density,1.0
4711bcd34644420da8bc77163431888e,vru_present,0.267
4711bcd34644420da8bc77163431888e,weather,0.067
47188ae2bc8c4faf83c909b135701176,time_of_day,0.0
47188ae2bc8c4faf83c909b135701176,vehicle_density,1.0
47188ae2bc8c4faf83c909b135701176,vru_present,0.067
47188ae2bc8c4faf83c909b135701176,weather,0.0
4786b3c0d0a24c8b86b0676d32dd5919,time_of_day,0.267
4786b3c0d0a24c8b86b0676d32dd5919,vehicle_density,0.0
4786b3c0d0a24c8b86b0676d32dd5919,vru_present,0.8
4786b3c0d0a24c8b86b0676d32dd5919,weather,0.0
49dfd2f2fef447cc9b8dec3e17c1c919,time_of_day,0.267
49dfd2f2fef447cc9b8dec3e17c1c919,vehicle_density,0.067
49dfd2f2fef447cc9b8dec3e17c1c919,vru_present,0.867
4a61e56dd1ee4c159cc595b52aa2a254,time_of_day,0.0
4a61e56dd1ee4c159cc595b52aa2a254,vehicle_density,1.0
4a61e56dd1ee4c159cc595b52aa2a254,vru_present,1.0
4a61e56dd1ee4c159cc595b52aa2a254,weather,0.067
4aaaf68b9f9f45968a4e862eb03e17ea,time_of_day,0.267
4aaaf68b9f9f45968a4e862eb03e17ea,vehicle_density,1.0
4aaaf68b9f9f45968a4e862eb03e17ea,vru_present,0.267
4aaaf68b9f9f45968a4e862eb03e17ea,weather,0.133
4ae9c033164e4e01a0392672686d095c,time_of_day,0.0
4ae9c033164e4e01a0392672686d095c,vehicle_density,1.0
4ae9c033164e4e01a0392672686d095c,vru_present,0.333
4ae9c033164e4e01a0392672686d095c,weather,0.0
4b894442c95141f9affd731d9da7b43c,time_of_day,0.067
4b894442c95141f9affd731d9da7b43c,vehicle_density,0.867
4b894442c95141f9affd731d9da7b43c,vru_present,0.6
4cd162f9083b47d0acd83129a6539c01,time_of_day,0.2
4cd162f9083b47d0acd83129a6539c01,vehicle_density,0.8
4cd162f9083b47d0acd83129a6539c01,vru_present,1.0
4cd162f9083b47d0acd83129a6539c01,weather,0.8
4cf5d6c3f6ab42aab23f67b5a9782d1a,time_of_day,0.0
4cf5d6c3f6ab42aab23f67b5a9782d1a,vehicle_density,0.4
4cf5d6c3f6ab42aab23f67b5a9782d1a,vru_present,0.0
4cf5d6c3f6ab42aab23f67b5a9782d1a,weather,0.0
4d4e4c0fd8ec49bdb12788e0a9ecbce3,time_of_day,0.2
4d4e4c0fd8ec49bdb12788e0a9ecbce3,vehicle_density,1.0
4d4e4c0fd8ec49bdb12788e0a9ecbce3,vru_present,0.267
4d4e4c0fd8ec49bdb12788e0a9ecbce3,weather,0.267
4d7cf1ad5f9c4842bb6f135e058deed4,time_of_day,0.0
4d7cf1ad5f9c4842bb6f135e058deed4,vehicle_density,1.0
4d7cf1ad5f9c4842bb6f135e058deed4,vru_present,0.333
4d7cf1ad5f9c4842bb6f135e058deed4,weather,0.0
4d8ff5b287bb4e1ba6d0a0f79fc74457,time_of_day,0.133
4d8ff5b287bb4e1ba6d0a0f79fc74457,vehicle_density,1.0
4d8ff5b287bb4e1ba6d0a0f79fc74457,vru_present,0.067
4d8ff5b287bb4e1ba6d0a0f79fc74457,weather,0.2
4e169e93acb346d59de1af7f2b4882e1,time_of_day,0.2
4e169e93acb346d59de1af7f2b4882e1,vehicle_density,0.467
4e169e93acb346d59de1af7f2b4882e1,vru_present,0.667
4e169e93acb346d59de1af7f2b4882e1,weather,0.0
4e1d1031fe9f45f981a2f598365fc645,time_of_day,0.0
4e1d1031fe9f45f981a2f598365fc645,vehicle_density,0.467
4e1d1031fe9f45f981a2f598365fc645,vru_present,1.0
4ee219c4638949de9d994bc792fd0a69,time_of_day,0.4
4ee219c4638949de9d994bc792fd0a69,vehicle_density,1.0
4ee219c4638949de9d994bc792fd0a69,vru_present,0.6
4ee219c4638949de9d994bc792fd0a69,weather,0.0
4f545737bf3347fbbc9af60b0be9a963,time_of_day,0.133
4f545737bf3347fbbc9af60b0be9a963,vehicle_density,0.2
4f545737bf3347fbbc9af60b0be9a963,vru_present,0.533
4f545737bf3347fbbc9af60b0be9a963,weather,0.0
521cde13efcc4f7cb5f93db99cce30f4,time_of_day,0.2
521cde13efcc4f7cb5f93db99cce30f4,vehicle_density,1.0
521cde13efcc4f7cb5f93db99cce30f4,vru_present,0.6
521cde13efcc4f7cb5f93db99cce30f4,weather,0.0
55c258972acb4300a3a6077a531ab050,time_of_day,0.2
55c258972acb4300a3a6077a531ab050,vehicle_density,1.0
55c258972acb4300a3a6077a531ab050,vru_present,1.0
576f17c305324ed7bf460f0110617355,time_of_day,0.0
576f17c305324ed7bf460f0110617355,vehicle_density,0.933
576f17c305324ed7bf460f0110617355,vru_present,0.333
576f17c305324ed7bf460f0110617355,weather,0.0
5991fad3280c4f84b331536c32001a04,time_of_day,0.0
5991fad3280c4f84b331536c32001a04,vehicle_density,0.933
5991fad3280c4f84b331536c32001a04,vru_present,0.733
5991fad3280c4f84b331536c32001a04,weather,0.0
5998b71b64c146769bde1d5430741381,time_of_day,0.0
5998b71b64c146769bde1d5430741381,vehicle_density,0.733
5998b71b64c146769bde1d5430741381,vru_present,1.0
5998b71b64c146769bde1d5430741381,weather,0.333
59b32981037042eda1fed3c1026fbaba,time_of_day,0.267
59b32981037042eda1fed3c1026fbaba,vehicle_density,0.667
59b32981037042eda1fed3c1026fbaba,vru_present,1.0
59b32981037042eda1fed3c1026fbaba,weather,0.067
59bd7a9fae8a45bcb76f1847cf09e000,time_of_day,0.0
59bd7a9fae8a45bcb76f1847cf09e000,vehicle_density,1.0
59bd7a9fae8a45bcb76f1847cf09e000,vru_present,0.133
59bd7a9fae8a45bcb76f1847cf09e000,weather,0.067
5b03af7a953245b5a3b23191ed4da62a,time_of_day,0.0
5b03af7a953245b5a3b23191ed4da62a,vehicle_density,0.533
5b03af7a953245b5a3b23191ed4da62a,vru_present,0.333
5b03af7a953245b5a3b23191ed4da62a,weather,0.0
5b77f438091b4d00a74d333ef2fe9033,time_of_day,0.2
5b77f438091b4d00a74d333ef2fe9033,vehicle_density,0.933
5b77f438091b4d00a74d333ef2fe9033,vru_present,1.0
5b77f438091b4d00a74d333ef2fe9033,weather,0.733
5b7cb170eee6468aa1fdbd3abcf63c5a,time_of_day,0.133
5b7cb170eee6468aa1fdbd3abcf63c5a,vehicle_density,1.0
5b7cb170eee6468aa1fdbd3abcf63c5a,vru_present,0.067
5bbeb4e68d51413f81a370cb33ef27fb,time_of_day,0.0
5bbeb4e68d51413f81a370cb33ef27fb,vehicle_density,0.733
5bbeb4e68d51413f81a370cb33ef27fb,vru_present,0.333
5bbeb4e68d51413f81a370cb33ef27fb,weather,0.0
5c85640c10d9485c86bf6eb44778c002,time_of_day,0.0
5c85640c10d9485c86bf6eb44778c002,vehicle_density,0.8
5c85640c10d9485c86bf6eb44778c002,vru_present,0.067
5c85640c10d9485c86bf6eb44778c002,weather,0.0
5f3fc3c1d08b47cabc1bbca600abbfa8,time_of_day,0.0
5f3fc3c1d08b47cabc1bbca600abbfa8,vehicle_density,0.267
5f3fc3c1d08b47cabc1bbca600abbfa8,vru_present,1.0
5f3fc3c1d08b47cabc1bbca600abbfa8,weather,0.0
5f6cc6483988439a824cec99e28bb5b9,time_of_day,0.0
5f6cc6483988439a824cec99e28bb5b9,vehicle_density,0.8
5f6cc6483988439a824cec99e28bb5b9,vru_present,0.267
5f6cc6483988439a824cec99e28bb5b9,weather,0.0
5fda58ee3ae44ab9b4bbac7a2de66c27,time_of_day,0.067
5fda58ee3ae44ab9b4bbac7a2de66c27,vehicle_density,0.6
5fda58ee3ae44ab9b4bbac7a2de66c27,vru_present,0.0
5fda58ee3ae44ab9b4bbac7a2de66c27,weather,0.067
609d5177362340458a3bfd4949cd1e64,time_of_day,0.2
609d5177362340458a3bfd4949cd1e64,vehicle_density,1.0
609d5177362340458a3bfd4949cd1e64,vru_present,0.0
614c6962e44240b1b0ebb3eb351fe0eb,time_of_day,0.2
614c6962e44240b1b0ebb3eb351fe0eb,vehicle_density,1.0
614c6962e44240b1b0ebb3eb351fe0eb,vru_present,0.267
614c6962e44240b1b0ebb3eb351fe0eb,weather,0.0
61a7bd24f88a46c2963280d8b13ac675,time_of_day,0.2
61a7bd24f88a46c2963280d8b13ac675,vehicle_density,1.0
61a7bd24f88a46c2963280d8b13ac675,vru_present,0.067
61cfc5554a724824b0d34bddc147d890,time_of_day,0.2
61cfc5554a724824b0d34bddc147d890,vehicle_density,0.8
61cfc5554a724824b0d34bddc147d890,vru_present,0.533
61cfc5554a724824b0d34bddc147d890,weather,0.267
61d47d1198184bfdaa6777e9448d825d,time_of_day,0.2
61d47d1198184bfdaa6777e9448d825d,vehicle_density,0.2
61d47d1198184bfdaa6777e9448d825d,vru_present,0.6
61d47d1198184bfdaa6777e9448d825d,weather,0.0
61d9340c5ad8418dafe7a4af1b96e6b9,time_of_day,0.0
61d9340c5ad8418dafe7a4af1b96e6b9,vehicle_density,0.8
61d9340c5ad8418dafe7a4af1b96e6b9,vru_present,0.067
61d9340c5ad8418dafe7a4af1b96e6b9,weather,0.0
639a4120779f44bb9cf41be3e8612e36,time_of_day,0.267
639a4120779f44bb9cf41be3e8612e36,vehicle_density,0.933
639a4120779f44bb9cf41be3e8612e36,vru_present,0.0
639a4120779f44bb9cf41be3e8612e36,weather,0.133
63c24b51feb94f14bec29022dae4975d,time_of_day,0.267
63c24b51feb94f14bec29022dae4975d,vehicle_density,1.0
63c24b51feb94f14bec29022dae4975d,vru_present,1.0
63c24b51feb94f14bec29022dae4975d,weather,0.067
6402fd1ffaf041d0b9162bd92a7ba0a2,time_of_day,0.0
6402fd1ffaf041d0b9162bd92a7ba0a2,vehicle_density,0.133
6402fd1ffaf041d0b9162bd92a7ba0a2,vru_present,0.0
6402fd1ffaf041d0b9162bd92a7ba0a2,weather,0.0
64134c75d5f547fdb4a6862b192f06cd,time_of_day,0.0
64134c75d5f547fdb4a6862b192f06cd,vehicle_density,0.8
64134c75d5f547fdb4a6862b192f06cd,vru_present,1.0
64134c75d5f547fdb4a6862b192f06cd,weather,0.867
648fe1aeca944fb793b334cb6ee01854,time_of_day,0.8
648fe1aeca944fb793b334cb6ee01854,vehicle_density,1.0
648fe1aeca944fb793b334cb6ee01854,vru_present,0.0
67e5f88901214f3aa03d68e028185e22,time_of_day,0.4
67e5f88901214f3aa03d68e028185e22,vehicle_density,0.8
67e5f88901214f3aa03d68e028185e22,vru_present,0.0
67e5f88901214f3aa03d68e028185e22,weather,0.133
6832e717621341568c759151b5974512,time_of_day,0.0
6832e717621341568c759151b5974512,vehicle_density,1.0
6832e717621341568c759151b5974512,vru_present,0.0
6832e717621341568c759151b5974512,weather,0.0
6873840fc1df4796a7b959e13e9fb78a,time_of_day,0.0
6873840fc1df4796a7b959e13e9fb78a,vehicle_density,1.0
6873840fc1df4796a7b959e13e9fb78a,vru_present,0.2
6873840fc1df4796a7b959e13e9fb78a,weather,0.0
6a9eb66eaac44de69c19d24b9d76e598,time_of_day,0.0
6a9eb66eaac44de69c19d24b9d76e598,vehicle_density,0.133
6a9eb66eaac44de69c19d24b9d76e598,vru_present,1.0
6a9eb66eaac44de69c19d24b9d76e598,weather,1.0
6aa6fa91e0d1492e812eb7e57c47df6e,time_of_day,0.2
6aa6fa91e0d1492e812eb7e57c47df6e,vehicle_density,0.8
6aa6fa91e0d1492e812eb7e57c47df6e,vru_present,0.2
6aa6fa91e0d1492e812eb7e57c47df6e,weather,0.133
6af01b48aec7475eac1f8e9add0276ff,time_of_day,0.0
6af01b48aec7475eac1f8e9add0276ff,vehicle_density,1.0
6af01b48aec7475eac1f8e9add0276ff,vru_present,0.467
6af01b48aec7475eac1f8e9add0276ff,weather,0.0
6b7487db4612438db7d446e2832a9e2e,time_of_day,0.0
6b7487db4612438db7d446e2832a9e2e,vehicle_density,1.0
6b7487db4612438db7d446e2832a9e2e,vru_present,1.0
6b7487db4612438db7d446e2832a9e2e,weather,0.4
6bfd42cf0aba4f1a94ec11fa43e2dd92,time_of_day,0.0
6bfd42cf0aba4f1a94ec11fa43e2dd92,vehicle_density,0.8
6bfd42cf0aba4f1a94ec11fa43e2dd92,vru_present,0.067
6bfd42cf0aba4f1a94ec11fa43e2dd92,weather,0.0
6cb024831cce4b6e8acf85afb7cece6e,time_of_day,0.2
6cb024831cce4b6e8acf85afb7cece6e,vehicle_density,0.0
6cb024831cce4b6e8acf85afb7cece6e,vru_present,0.6
6d1d793b68b24165be5755a54054c82a,time_of_day,0.2
6d1d793b68b24165be5755a54054c82a,vehicle_density,0.733
6d1d793b68b24165be5755a54054c82a,vru_present,1.0
6d1d793b68b24165be5755a54054c82a,weather,0.6
6d5d0e60cbf4429d8b6cfa055924e5ca,time_of_day,0.2
6d5d0e60cbf4429d8b6cfa055924e5ca,vehicle_density,1.0
6d5d0e60cbf4429d8b6cfa055924e5ca,vru_present,0.667
6d5d0e60cbf4429d8b6cfa055924e5ca,weather,0.067
6d9984d09d52479e837da2fd09e192cc,time_of_day,0.0
6d9984d09d52479e837da2fd09e192cc,vehicle_density,0.2
6d9984d09d52479e837da2fd09e192cc,vru_present,0.0
6d9984d09d52479e837da2fd09e192cc,weather,0.0
6dabc0fb1df045558f802246dd186b3f,time_of_day,0.0
6dabc0fb1df045558f802246dd186b3f,vehicle_density,1.0
6dabc0fb1df045558f802246dd186b3f,vru_present,0.667
6dabc0fb1df045558f802246dd186b3f,weather,0.0
6e004695af1549c398a52b5c95e22060,time_of_day,0.0
6e004695af1549c398a52b5c95e22060,vehicle_density,0.2
6e004695af1549c398a52b5c95e22060,vru_present,1.0
6e004695af1549c398a52b5c95e22060,weather,0.0
6f114ec641f8426399b69e844c0dfd62,time_of_day,0.0
6f114ec641f8426399b69e844c0dfd62,vehicle_density,0.867
6f114ec641f8426399b69e844c0dfd62,vru_present,0.133
6f114ec641f8426399b69e844c0dfd62,weather,0.0
6ff9723a60bf4e14b328b3b19f04dc32,time_of_day,0.2
6ff9723a60bf4e14b328b3b19f04dc32,vehicle_density,1.0
6ff9723a60bf4e14b328b3b19f04dc32,vru_present,0.533
700c1a25559b4433be532de3475e58a9,time_of_day,0.0
700c1a25559b4433be532de3475e58a9,vehicle_density,1.0
700c1a25559b4433be532de3475e58a9,vru_present,0.0
700c1a25559b4433be532de3475e58a9,weather,0.0
7147d8d1b51b428fb408f34799325111,time_of_day,0.2
7147d8d1b51b428fb408f34799325111,vehicle_density,0.6
7147d8d1b51b428fb408f34799325111,vru_present,0.267
7147d8d1b51b428fb408f34799325111,weather,0.267
7220a2aaebf347cda4efedc88dcae96e,time_of_day,0.2
7220a2aaebf347cda4efedc88dcae96e,vehicle_density,0.667
7220a2aaebf347cda4efedc88dcae96e,vru_present,1.0
7220a2aaebf347cda4efedc88dcae96e,weather,0.6
728e3e32df3c413389cb7e233de96ac4,time_of_day,0.133
728e3e32df3c413389cb7e233de96ac4,vehicle_density,0.6
728e3e32df3c413389cb7e233de96ac4,vru_present,0.733
728e3e32df3c413389cb7e233de96ac4,weather,0.0
7315022fc89147a6afc7f978601f8f38,time_of_day,0.0
7315022fc89147a6afc7f978601f8f38,vehicle_density,0.733
7315022fc89147a6afc7f978601f8f38,vru_present,0.467
7315022fc89147a6afc7f978601f8f38,weather,0.0
739b12938d0e410d9b8fc832dfad5510,time_of_day,0.0
739b12938d0e410d9b8fc832dfad5510,vehicle_density,1.0
739b12938d0e410d9b8fc832dfad5510,vru_present,0.4
739b12938d0e410d9b8fc832dfad5510,weather,0.0
73ccc9c10a3547849b8ff130d50bac98,time_of_day,0.133
73ccc9c10a3547849b8ff130d50bac98,vehicle_density,1.0
73ccc9c10a3547849b8ff130d50bac98,vru_present,0.0
73ccc9c10a3547849b8ff130d50bac98,weather,0.2
73e2b7fb98ef41aface277a968d65941,time_of_day,0.067
73e2b7fb98ef41aface277a968d65941,vehicle_density,1.0
73e2b7fb98ef41aface277a968d65941,vru_present,1.0
73e2b7fb98ef41aface277a968d65941,weather,0.2
73eb876167f4419a9a6ec1a601abdcaf,time_of_day,0.0
73eb876167f4419a9a6ec1a601abdcaf,vehicle_density,1.0
73eb876167f4419a9a6ec1a601abdcaf,vru_present,0.933
73eb876167f4419a9a6ec1a601abdcaf,weather,0.2
747aa46b9a4641fe90db05d97db2acea,time_of_day,0.0
747aa46b9a4641fe90db05d97db2acea,vehicle_density,1.0
747aa46b9a4641fe90db05d97db2acea,vru_present,0.067
747aa46b9a4641fe90db05d97db2acea,weather,0.0
7626dde27d604ac28a0240bdd54eba7a,time_of_day,0.067
7626dde27d604ac28a0240bdd54eba7a,vehicle_density,1.0
7626dde27d604ac28a0240bdd54eba7a,vru_present,0.6
7626dde27d604ac28a0240bdd54eba7a,weather,0.0
77fc24547ab34182a945eecb825b6576,time_of_day,0.8
77fc24547ab34182a945eecb825b6576,vehicle_density,1.0
77fc24547ab34182a945eecb825b6576,vru_present,0.0
78e778e7e6c84dc59c0436a4d6ff5032,time_of_day,0.6
78e778e7e6c84dc59c0436a4d6ff5032,vehicle_density,1.0
78e778e7e6c84dc59c0436a4d6ff5032,vru_present,0.8
78e778e7e6c84dc59c0436a4d6ff5032,weather,0.4
796b1988dd254f74bf2fb19ba9c5b8c6,time_of_day,0.0
796b1988dd254f74bf2fb19ba9c5b8c6,vehicle_density,0.2
796b1988dd254f74bf2fb19ba9c5b8c6,vru_present,0.0
796b1988dd254f74bf2fb19ba9c5b8c6,weather,0.0
79937d5eae1d450499677a0dcffa210c,time_of_day,0.0
79937d5eae1d450499677a0dcffa210c,vehicle_density,0.667
79937d5eae1d450499677a0dcffa210c,vru_present,0.4
79937d5eae1d450499677a0dcffa210c,weather,0.0
7ae00681137b40f5bd7bef3823a82ee2,time_of_day,0.0
7ae00681137b40f5bd7bef3823a82ee2,vehicle_density,1.0
7ae00681137b40f5bd7bef3823a82ee2,vru_present,0.933
7ae00681137b40f5bd7bef3823a82ee2,weather,0.2
7bebe3c9be714f02837f8617c56df122,time_of_day,0.0
7bebe3c9be714f02837f8617c56df122,vehicle_density,1.0
7bebe3c9be714f02837f8617c56df122,vru_present,1.0
7bf1cef0e253474e847ee4c2eb955901,time_of_day,0.4
7bf1cef0e253474e847ee4c2eb955901,vehicle_density,0.933
7bf1cef0e253474e847ee4c2eb955901,vru_present,0.867
7bf1cef0e253474e847ee4c2eb955901,weather,0.333
7ca3502caf394d6d9c0a80b822b3ff48,time_of_day,0.2
7ca3502caf394d6d9c0a80b822b3ff48,vehicle_density,0.667
7ca3502caf394d6d9c0a80b822b3ff48,vru_present,1.0
7ca3502caf394d6d9c0a80b822b3ff48,weather,0.6
7d82aa0c679141d1a71733b85fdcd3ed,time_of_day,0.0
7d82aa0c679141d1a71733b85fdcd3ed,vehicle_density,1.0
7d82aa0c679141d1a71733b85fdcd3ed,vru_present,0.6
7df1288fed8a403b8e7a35112b392d7c,time_of_day,0.133
7df1288fed8a403b8e7a35112b392d7c,vehicle_density,0.933
7df1288fed8a403b8e7a35112b392d7c,vru_present,1.0
7df1288fed8a403b8e7a35112b392d7c,weather,0.067
7f49d07afdf64212a4eea699cb5ab17c,time_of_day,0.2
7f49d07afdf64212a4eea699cb5ab17c,vehicle_density,0.8
7f49d07afdf64212a4eea699cb5ab17c,vru_present,1.0
7f49d07afdf64212a4eea699cb5ab17c,weather,0.8
7f594234e8034228b1a7d727f1981e09,time_of_day,0.2
7f594234e8034228b1a7d727f1981e09,vehicle_density,0.4
7f594234e8034228b1a7d727f1981e09,vru_present,1.0
7f87e737dad642d9aff78a7fe12ce194,time_of_day,0.0
7f87e737dad642d9aff78a7fe12ce194,vehicle_density,0.6
7f87e737dad642d9aff78a7fe12ce194,vru_present,1.0
7f87e737dad642d9aff78a7fe12ce194,weather,1.0
7fd597745c26471ab336b3dd41a5f6dc,time_of_day,0.2
7fd597745c26471ab336b3dd41a5f6dc,vehicle_density,1.0
7fd597745c26471ab336b3dd41a5f6dc,vru_present,0.0
7fd597745c26471ab336b3dd41a5f6dc,weather,0.067
7ff999a1242e4573a81dd3a6f0c158a2,time_of_day,0.0
7ff999a1242e4573a81dd3a6f0c158a2,vehicle_density,0.8
7ff999a1242e4573a81dd3a6f0c158a2,vru_present,1.0
7ff999a1242e4573a81dd3a6f0c158a2,weather,0.0
8017a35b9b5e476289a89bd098a4a1d1,time_of_day,0.0
8017a35b9b5e476289a89bd098a4a1d1,vehicle_density,0.733
8017a35b9b5e476289a89bd098a4a1d1,vru_present,0.533
8017a35b9b5e476289a89bd098a4a1d1,weather,0.0
8057958576034e51bac9bdc5740128d5,time_of_day,0.0
8057958576034e51bac9bdc5740128d5,vehicle_density,0.8
8057958576034e51bac9bdc5740128d5,vru_present,0.6
8057958576034e51bac9bdc5740128d5,weather,0.0
8092909473464f80b9f791a4d31ddcb8,time_of_day,0.2
8092909473464f80b9f791a4d31ddcb8,vehicle_density,1.0
8092909473464f80b9f791a4d31ddcb8,vru_present,0.733
8178cfbc864e4cb0b6e35746b32bed9f,time_of_day,0.8
8178cfbc864e4cb0b6e35746b32bed9f,vehicle_density,1.0
8178cfbc864e4cb0b6e35746b32bed9f,vru_present,0.333
82597244941b4e79aa3e1e9cc6386f8b,time_of_day,0.0
82597244941b4e79aa3e1e9cc6386f8b,vehicle_density,1.0
82597244941b4e79aa3e1e9cc6386f8b,vru_present,0.667
82597244941b4e79aa3e1e9cc6386f8b,weather,0.0
8336b62c3f6f4bb988c3865cc5df4446,time_of_day,0.0
8336b62c3f6f4bb988c3865cc5df4446,vehicle_density,0.733
8336b62c3f6f4bb988c3865cc5df4446,vru_present,0.2
8336b62c3f6f4bb988c3865cc5df4446,weather,0.067
8366b5125ac945f3b93153cfa39f1677,time_of_day,0.0
8366b5125ac945f3b93153cfa39f1677,vehicle_density,1.0
8366b5125ac945f3b93153cfa39f1677,vru_present,1.0
8366b5125ac945f3b93153cfa39f1677,weather,0.2
841dd6709e9b4d7c9d6bf888f1fe6d7e,time_of_day,0.2
841dd6709e9b4d7c9d6bf888f1fe6d7e,vehicle_density,0.8
841dd6709e9b4d7c9d6bf888f1fe6d7e,vru_present,1.0
8573a885a7cb41d185c05029eeb9a54e,time_of_day,0.2
8573a885a7cb41d185c05029eeb9a54e,vehicle_density,1.0
8573a885a7cb41d185c05029eeb9a54e,vru_present,1.0
8580e9a249b64b59bead9d80c0e13e8b,time_of_day,0.0
8580e9a249b64b59bead9d80c0e13e8b,vehicle_density,0.2
8580e9a249b64b59bead9d80c0e13e8b,vru_present,0.733
8580e9a249b64b59bead9d80c0e13e8b,weather,0.0
858a1ece22cf45d9bc71e42336604b78,time_of_day,0.2
858a1ece22cf45d9bc71e42336604b78,vehicle_density,1.0
858a1ece22cf45d9bc71e42336604b78,vru_present,0.333
8687ba92abd3406aa797115b874ebeba,time_of_day,0.0
8687ba92abd3406aa797115b874ebeba,vehicle_density,0.8
8687ba92abd3406aa797115b874ebeba,vru_present,0.2
8687ba92abd3406aa797115b874ebeba,weather,0.0
87e772078a494d42bd34cd16172808bc,time_of_day,0.0
87e772078a494d42bd34cd16172808bc,vehicle_density,0.667
87e772078a494d42bd34cd16172808bc,vru_present,0.0
87e772078a494d42bd34cd16172808bc,weather,0.0
88449a5cb1644a199c1c11f6ac034867,time_of_day,0.067
88449a5cb1644a199c1c11f6ac034867,vehicle_density,0.0
88449a5cb1644a199c1c11f6ac034867,vru_present,0.067
88449a5cb1644a199c1c11f6ac034867,weather,0.4
8b6d496ed9d84469b75836ca1c56959f,time_of_day,0.0
8b6d496ed9d84469b75836ca1c56959f,vehicle_density,1.0
8b6d496ed9d84469b75836ca1c56959f,vru_present,0.933
8b6d496ed9d84469b75836ca1c56959f,weather,0.2
8bf071b1b92c4ff1bd5016bfb30de3f7,time_of_day,0.0
8bf071b1b92c4ff1bd5016bfb30de3f7,vehicle_density,1.0
8bf071b1b92c4ff1bd5016bfb30de3f7,vru_present,0.8
8bf071b1b92c4ff1bd5016bfb30de3f7,weather,0.0
8c0372d87281421aba897bec0084d0da,time_of_day,0.0
8c0372d87281421aba897bec0084d0da,vehicle_density,1.0
8c0372d87281421aba897bec0084d0da,vru_present,1.0
8c0372d87281421aba897bec0084d0da,weather,0.067
8c8755ebb0bf4c519416323acad6cea1,time_of_day,0.2
8c8755ebb0bf4c519416323acad6cea1,vehicle_density,0.6
8c8755ebb0bf4c519416323acad6cea1,vru_present,1.0
8c8755ebb0bf4c519416323acad6cea1,weather,0.8
8cc06390249d4895b5b9b860f0952f24,time_of_day,0.0
8cc06390249d4895b5b9b860f0952f24,vehicle_density,0.733
8cc06390249d4895b5b9b860f0952f24,vru_present,0.133
8cc06390249d4895b5b9b860f0952f24,weather,0.267
8cd36e9531fb4eba8e6ac1d666c4641c,time_of_day,0.2
8cd36e9531fb4eba8e6ac1d666c4641c,vehicle_density,1.0
8cd36e9531fb4eba8e6ac1d666c4641c,vru_present,1.0
8d7dcd1533704f5882a5afcb65509ed5,time_of_day,0.533
8d7dcd1533704f5882a5afcb65509ed5,vehicle_density,1.0
8d7dcd1533704f5882a5afcb65509ed5,vru_present,0.933
8e352d4a6c6f40c8ad4f10a3d2c3f158,time_of_day,0.2
8e352d4a6c6f40c8ad4f10a3d2c3f158,vehicle_density,0.8
8e352d4a6c6f40c8ad4f10a3d2c3f158,vru_present,1.0
8e5512a630dc44c08d3e3f692b34f808,time_of_day,0.2
8e5512a630dc44c08d3e3f692b34f808,vehicle_density,1.0
8e5512a630dc44c08d3e3f692b34f808,vru_present,0.133
8e5512a630dc44c08d3e3f692b34f808,weather,0.0
8e9c2cba0ee74056aa3746e8391d54a9,time_of_day,0.0
8e9c2cba0ee74056aa3746e8391d54a9,vehicle_density,0.4
8e9c2cba0ee74056aa3746e8391d54a9,vru_present,0.133
8e9c2cba0ee74056aa3746e8391d54a9,weather,0.0
8fe9664cec514a58b1184c4fcefda6b5,time_of_day,0.067
8fe9664cec514a58b1184c4fcefda6b5,vehicle_density,1.0
8fe9664cec514a58b1184c4fcefda6b5,vru_present,1.0
8fe9664cec514a58b1184c4fcefda6b5,weather,0.2
9150678870764c1b87a649a25939c61b,time_of_day,0.2
9150678870764c1b87a649a25939c61b,vehicle_density,0.867
9150678870764c1b87a649a25939c61b,vru_present,0.8
919e3c4cec934168a3152077a9adcbea,time_of_day,0.067
919e3c4cec934168a3152077a9adcbea,vehicle_density,0.733
919e3c4cec934168a3152077a9adcbea,vru_present,0.267
919e3c4cec934168a3152077a9adcbea,weather,0.067
91d9058720eb4c25a172236e14e11085,time_of_day,0.0
91d9058720eb4c25a172236e14e11085,vehicle_density,0.667
91d9058720eb4c25a172236e14e11085,vru_present,0.533
91d9058720eb4c25a172236e14e11085,weather,0.0
92594549844e4f7da7a0e73e92945b2b,time_of_day,0.6
92594549844e4f7da7a0e73e92945b2b,vehicle_density,0.333
92594549844e4f7da7a0e73e92945b2b,vru_present,1.0
92594549844e4f7da7a0e73e92945b2b,weather,0.0
93f4f8ac1145418cadcf14dfd2a9cf78,time_of_day,0.2
93f4f8ac1145418cadcf14dfd2a9cf78,vehicle_density,0.733
93f4f8ac1145418cadcf14dfd2a9cf78,vru_present,0.0
93f4f8ac1145418cadcf14dfd2a9cf78,weather,0.067
95c0a92d52584756832ec795d346e296,time_of_day,0.4
95c0a92d52584756832ec795d346e296,vehicle_density,1.0
95c0a92d52584756832ec795d346e296,vru_present,0.4
965f6af5a92449348409029a5f048a38,time_of_day,0.2
965f6af5a92449348409029a5f048a38,vehicle_density,1.0
965f6af5a92449348409029a5f048a38,vru_present,0.8
965f6af5a92449348409029a5f048a38,weather,0.067
96d915e8b7e44bacba3c78e76a924e5c,time_of_day,0.0
96d915e8b7e44bacba3c78e76a924e5c,vehicle_density,0.8
96d915e8b7e44bacba3c78e76a924e5c,vru_present,0.6
96d915e8b7e44bacba3c78e76a924e5c,weather,0.0
9768a199e4884a0db50d015703efe969,time_of_day,0.0
9768a199e4884a0db50d015703efe969,vehicle_density,0.867
9768a199e4884a0db50d015703efe969,vru_present,0.267
9768a199e4884a0db50d015703efe969,weather,0.0
9813c23a5f1448b09bb7910fea9baf20,time_of_day,0.0
9813c23a5f1448b09bb7910fea9baf20,vehicle_density,0.0
9813c23a5f1448b09bb7910fea9baf20,vru_present,0.6
9813c23a5f1448b09bb7910fea9baf20,weather,0.0
98fa81992fb04e799c329eca220e7164,time_of_day,0.2
98fa81992fb04e799c329eca220e7164,vehicle_density,0.0
98fa81992fb04e799c329eca220e7164,vru_present,1.0
9966278ad296494598a9e5fba07926e0,time_of_day,0.6
9966278ad296494598a9e5fba07926e0,vehicle_density,1.0
9966278ad296494598a9e5fba07926e0,vru_present,0.8
9966278ad296494598a9e5fba07926e0,weather,0.2
99f903d3f74a4f76a05a4f1e10e49329,time_of_day,0.4
99f903d3f74a4f76a05a4f1e10e49329,vehicle_density,1.0
99f903d3f74a4f76a05a4f1e10e49329,vru_present,0.333
99f903d3f74a4f76a05a4f1e10e49329,weather,0.0
9a0a16d628ae41d1ab25c9cdfc66d6a1,time_of_day,0.067
9a0a16d628ae41d1ab25c9cdfc66d6a1,vehicle_density,1.0
9a0a16d628ae41d1ab25c9cdfc66d6a1,vru_present,0.533
9a0a16d628ae41d1ab25c9cdfc66d6a1,weather,0.067
9ab95de13c2d432ebb678ebb5da1ac5e,time_of_day,0.0
9ab95de13c2d432ebb678ebb5da1ac5e,vehicle_density,1.0
9ab95de13c2d432ebb678ebb5da1ac5e,vru_present,1.0
9ab95de13c2d432ebb678ebb5da1ac5e,weather,0.0
9bd27a83e6ee47f9aa372bbe8a8573c8,time_of_day,0.2
9bd27a83e6ee47f9aa372bbe8a8573c8,vehicle_density,1.0
9bd27a83e6ee47f9aa372bbe8a8573c8,vru_present,0.267
9bd27a83e6ee47f9aa372bbe8a8573c8,weather,0.0
9c56003504024697a5c8d1cb9355a335,time_of_day,0.333
9c56003504024697a5c8d1cb9355a335,vehicle_density,0.467
9c56003504024697a5c8d1cb9355a335,vru_present,0.733
9c56003504024697a5c8d1cb9355a335,weather,0.0
9c7c7d5d109c40fcaecd3c422d37b4f6,time_of_day,0.4
9c7c7d5d109c40fcaecd3c422d37b4f6,vehicle_density,1.0
9c7c7d5d109c40fcaecd3c422d37b4f6,vru_present,0.0
9c93690fc9e24ebc90906ed922159d75,time_of_day,0.2
9c93690fc9e24ebc90906ed922159d75,vehicle_density,1.0
9c93690fc9e24ebc90906ed922159d75,vru_present,0.333
9c93690fc9e24ebc90906ed922159d75,weather,0.0
9cc9718713c14974b5e3094e1c4eae1c,time_of_day,0.2
9cc9718713c14974b5e3094e1c4eae1c,vehicle_density,0.4
9cc9718713c14974b5e3094e1c4eae1c,vru_present,0.8
9cdbf5ff7f294549aea0a4307e5d104a,time_of_day,0.2
9cdbf5ff7f294549aea0a4307e5d104a,vehicle_density,0.667
9cdbf5ff7f294549aea0a4307e5d104a,vru_present,1.0
9e6ce5a26025462fbd9bdac2d18c07eb,time_of_day,0.067
9e6ce5a26025462fbd9bdac2d18c07eb,vehicle_density,1.0
9e6ce5a26025462fbd9bdac2d18c07eb,vru_present,0.0
9e6ce5a26025462fbd9bdac2d18c07eb,weather,0.2
9e7683e8586542a1b6032980c45f15ce,time_of_day,0.0
9e7683e8586542a1b6032980c45f15ce,vehicle_density,0.6
9e7683e8586542a1b6032980c45f15ce,vru_present,0.067
9e7683e8586542a1b6032980c45f15ce,weather,0.0
9ecb1b79dbe140ca860efc4adebe854b,time_of_day,0.067
9ecb1b79dbe140ca860efc4adebe854b,vehicle_density,0.0
9ecb1b79dbe140ca860efc4adebe854b,vru_present,0.0
9ecb1b79dbe140ca860efc4adebe854b,weather,0.2
9ee4020153674b9e9943d395ff8cfdf3,time_of_day,0.0
9ee4020153674b9e9943d395ff8cfdf3,vehicle_density,0.267
9ee4020153674b9e9943d395ff8cfdf3,vru_present,0.333
9ee4020153674b9e9943d395ff8cfdf3,weather,0.0
9fcdc52b791045e99c623c5fc643331f,time_of_day,0.067
9fcdc52b791045e99c623c5fc643331f,vehicle_density,0.0
9fcdc52b791045e99c623c5fc643331f,vru_present,0.0
9fcdc52b791045e99c623c5fc643331f,weather,0.067
a0462df7186d4ca99ef58f455d53a42c,time_of_day,0.0
a0462df7186d4ca99ef58f455d53a42c,vehicle_density,0.8
a0462df7186d4ca99ef58f455d53a42c,vru_present,0.2
a0462df7186d4ca99ef58f455d53a42c,weather,0.0
a1289b27ca1d41deb6fc982be9a3d03c,time_of_day,0.2
a1289b27ca1d41deb6fc982be9a3d03c,vehicle_density,0.6
a1289b27ca1d41deb6fc982be9a3d03c,vru_present,1.0
a19a80c905674faab7203a3a4e0f5246,time_of_day,0.2
a19a80c905674faab7203a3a4e0f5246,vehicle_density,1.0
a19a80c905674faab7203a3a4e0f5246,vru_present,1.0
a32166aff42946d39455fcbe502a321a,time_of_day,0.0
a32166aff42946d39455fcbe502a321a,vehicle_density,0.8
a32166aff42946d39455fcbe502a321a,vru_present,1.0
a32166aff42946d39455fcbe502a321a,weather,0.4
a34fabc7aa674713b71f98ec541eb2d4,time_of_day,0.0
a34fabc7aa674713b71f98ec541eb2d4,vehicle_density,1.0
a34fabc7aa674713b71f98ec541eb2d4,vru_present,0.267
a34fabc7aa674713b71f98ec541eb2d4,weather,0.0
a401b5ee030547ab8678a563f13b4731,time_of_day,0.2
a401b5ee030547ab8678a563f13b4731,vehicle_density,0.6
a401b5ee030547ab8678a563f13b4731,vru_present,1.0
a401b5ee030547ab8678a563f13b4731,weather,0.8
a43568a562a043f38af0ec0b71520af7,time_of_day,0.8
a43568a562a043f38af0ec0b71520af7,vehicle_density,1.0
a43568a562a043f38af0ec0b71520af7,vru_present,0.267
a480496a5988410fbe3d8ed6c84da996,time_of_day,0.067
a480496a5988410fbe3d8ed6c84da996,vehicle_density,0.0
a480496a5988410fbe3d8ed6c84da996,vru_present,0.267
a480496a5988410fbe3d8ed6c84da996,weather,0.333
a51146d2b181450292623ec03ade9f03,time_of_day,0.6
a51146d2b181450292623ec03ade9f03,vehicle_density,1.0
a51146d2b181450292623ec03ade9f03,vru_present,0.2
a51146d2b181450292623ec03ade9f03,weather,0.0
a572dd2e95e94e4db66bb5dbfaf870b5,time_of_day,0.0
a572dd2e95e94e4db66bb5dbfaf870b5,vehicle_density,1.0
a572dd2e95e94e4db66bb5dbfaf870b5,vru_present,0.267
a572dd2e95e94e4db66bb5dbfaf870b5,weather,0.067
a5addc41b07842768a2183abdd01cff8,time_of_day,0.067
a5addc41b07842768a2183abdd01cff8,vehicle_density,1.0
a5addc41b07842768a2183abdd01cff8,vru_present,0.067
a5addc41b07842768a2183abdd01cff8,weather,0.2
a5afebb0aa5e4d7c95665788ce51ec58,time_of_day,0.133
a5afebb0aa5e4d7c95665788ce51ec58,vehicle_density,1.0
a5afebb0aa5e4d7c95665788ce51ec58,vru_present,0.0
a5c0ec90615e42818962e4e002de0cef,time_of_day,0.2
a5c0ec90615e42818962e4e002de0cef,vehicle_density,0.267
a5c0ec90615e42818962e4e002de0cef,vru_present,0.8
a5f101af325144bd8b8f67694766e255,time_of_day,0.0
a5f101af325144bd8b8f67694766e255,vehicle_density,1.0
a5f101af325144bd8b8f67694766e255,vru_present,0.133
a5f101af325144bd8b8f67694766e255,weather,0.0
a63038dfb41843eb8a14485d90c2fa35,time_of_day,0.2
a63038dfb41843eb8a14485d90c2fa35,vehicle_density,0.8
a63038dfb41843eb8a14485d90c2fa35,vru_present,1.0
a63038dfb41843eb8a14485d90c2fa35,weather,0.6
a771effa2a2648d78096c3e92b95b129,time_of_day,0.0
a771effa2a2648d78096c3e92b95b129,vehicle_density,0.0
a771effa2a2648d78096c3e92b95b129,vru_present,0.0
a771effa2a2648d78096c3e92b95b129,weather,0.067
a7acb150914b40bdad9a2dc4e657cbf9,time_of_day,0.067
a7acb150914b40bdad9a2dc4e657cbf9,vehicle_density,0.8
a7acb150914b40bdad9a2dc4e657cbf9,vru_present,0.0
a7acb150914b40bdad9a2dc4e657cbf9,weather,0.067
a84f43c4ef52461d940a6c7d0768b86f,time_of_day,0.0
a84f43c4ef52461d940a6c7d0768b86f,vehicle_density,0.267
a84f43c4ef52461d940a6c7d0768b86f,vru_present,0.8
a860c02c06e54d9dbe83ce7b694f6c17,time_of_day,0.0
a860c02c06e54d9dbe83ce7b694f6c17,vehicle_density,0.8
a860c02c06e54d9dbe83ce7b694f6c17,vru_present,0.267
a860c02c06e54d9dbe83ce7b694f6c17,weather,0.0
a98fba72bde9433fb882032d18aedb2e,time_of_day,0.0
a98fba72bde9433fb882032d18aedb2e,vehicle_density,1.0
a98fba72bde9433fb882032d18aedb2e,vru_present,0.0
a98fba72bde9433fb882032d18aedb2e,weather,0.0
a9def8f915cf4bfe9c74b864384ec6c7,time_of_day,0.0
a9def8f915cf4bfe9c74b864384ec6c7,vehicle_density,1.0
a9def8f915cf4bfe9c74b864384ec6c7,vru_present,0.933
a9def8f915cf4bfe9c74b864384ec6c7,weather,0.2
aa581aac963a4fad848ac11fe66e8637,time_of_day,0.2
aa581aac963a4fad848ac11fe66e8637,vehicle_density,0.8
aa581aac963a4fad848ac11fe66e8637,vru_present,0.0
aa581aac963a4fad848ac11fe66e8637,weather,0.2
abf3d91d3c28407e80e3334fe89c03cb,time_of_day,0.2
abf3d91d3c28407e80e3334fe89c03cb,vehicle_density,0.733
abf3d91d3c28407e80e3334fe89c03cb,vru_present,0.067
abf3d91d3c28407e80e3334fe89c03cb,weather,0.267
ac452a60e8b34a7080c938c904b23057,time_of_day,0.0
ac452a60e8b34a7080c938c904b23057,vehicle_density,1.0
ac452a60e8b34a7080c938c904b23057,vru_present,0.133
ac452a60e8b34a7080c938c904b23057,weather,0.0
ac8b4d49731d43289579f014cb7c97ef,time_of_day,0.2
ac8b4d49731d43289579f014cb7c97ef,vehicle_density,1.0
ac8b4d49731d43289579f014cb7c97ef,vru_present,0.0
ac9af15d1aba4f5786877dde9f0b1c93,time_of_day,0.267
ac9af15d1aba4f5786877dde9f0b1c93,vehicle_density,0.0
ac9af15d1aba4f5786877dde9f0b1c93,vru_present,0.8
ac9af15d1aba4f5786877dde9f0b1c93,weather,0.0
ace4b20b94cf47d0b68addac79fe68de,time_of_day,0.2
ace4b20b94cf47d0b68addac79fe68de,vehicle_density,1.0
ace4b20b94cf47d0b68addac79fe68de,vru_present,0.333
ace4b20b94cf47d0b68addac79fe68de,weather,0.0
acf9fcbeb1e346b98640f694f15460e8,time_of_day,0.0
acf9fcbeb1e346b98640f694f15460e8,vehicle_density,1.0
acf9fcbeb1e346b98640f694f15460e8,vru_present,1.0
ae5004bf4ebb4db0a84cb3c27bd398d1,time_of_day,0.2
ae5004bf4ebb4db0a84cb3c27bd398d1,vehicle_density,1.0
ae5004bf4ebb4db0a84cb3c27bd398d1,vru_present,0.0
af8c2d8187aa463eab3cccbd6abc1573,time_of_day,0.0
af8c2d8187aa463eab3cccbd6abc1573,vehicle_density,1.0
af8c2d8187aa463eab3cccbd6abc1573,vru_present,0.067
af8c2d8187aa463eab3cccbd6abc1573,weather,0.2
b085cc54b9c6437db176033620d00529,time_of_day,0.0
b085cc54b9c6437db176033620d00529,vehicle_density,0.4
b085cc54b9c6437db176033620d00529,vru_present,1.0
b1303058fa624645b753d7283d70de45,time_of_day,0.4
b1303058fa624645b753d7283d70de45,vehicle_density,0.0
b1303058fa624645b753d7283d70de45,vru_present,0.8
b22fa0b3c34f47b6a360b60f35d5d567,time_of_day,0.0
b22fa0b3c34f47b6a360b60f35d5d567,vehicle_density,0.533
b22fa0b3c34f47b6a360b60f35d5d567,vru_present,0.333
b22fa0b3c34f47b6a360b60f35d5d567,weather,0.0
b26e791522294bec90f86fd72226e35c,time_of_day,0.133
b26e791522294bec90f86fd72226e35c,vehicle_density,1.0
b26e791522294bec90f86fd72226e35c,vru_present,0.133
b26e791522294bec90f86fd72226e35c,weather,0.0
b2e2ffeabf91451cb31a79649bfd95df,time_of_day,0.0
b2e2ffeabf91451cb31a79649bfd95df,vehicle_density,0.533
b2e2ffeabf91451cb31a79649bfd95df,vru_present,0.667
b2e2ffeabf91451cb31a79649bfd95df,weather,0.067
b2f333255d574bebb6f170beaab6a824,time_of_day,0.2
b2f333255d574bebb6f170beaab6a824,vehicle_density,1.0
b2f333255d574bebb6f170beaab6a824,vru_present,0.733
b2f333255d574bebb6f170beaab6a824,weather,0.0
b422bd971acf483592e367c2c5057a60,time_of_day,0.4
b422bd971acf483592e367c2c5057a60,vehicle_density,0.8
b422bd971acf483592e367c2c5057a60,vru_present,0.733
b422bd971acf483592e367c2c5057a60,weather,0.4
b4c279e61abf49bd871ff2ec4b13e115,time_of_day,0.267
b4c279e61abf49bd871ff2ec4b13e115,vehicle_density,1.0
b4c279e61abf49bd871ff2ec4b13e115,vru_present,0.267
b4c279e61abf49bd871ff2ec4b13e115,weather,0.0
b4ff30109dd14c89b24789dc5713cf8c,time_of_day,0.2
b4ff30109dd14c89b24789dc5713cf8c,vehicle_density,0.6
b4ff30109dd14c89b24789dc5713cf8c,vru_present,0.733
b5989651183643369174912bc5641d3b,time_of_day,0.2
b5989651183643369174912bc5641d3b,vehicle_density,0.867
b5989651183643369174912bc5641d3b,vru_present,0.0
b6b0d9f2f2e14a3aaa2c8aedeb1edb69,time_of_day,0.0
b6b0d9f2f2e14a3aaa2c8aedeb1edb69,vehicle_density,0.6
b6b0d9f2f2e14a3aaa2c8aedeb1edb69,vru_present,0.0
b6b0d9f2f2e14a3aaa2c8aedeb1edb69,weather,0.0
b6c420c3a5bd4a219b1cb82ee5ea0aa7,time_of_day,0.2
b6c420c3a5bd4a219b1cb82ee5ea0aa7,vehicle_density,0.867
b6c420c3a5bd4a219b1cb82ee5ea0aa7,vru_present,0.8
b73152cab88f49d9ba195da81fde1809,time_of_day,0.067
b73152cab88f49d9ba195da81fde1809,vehicle_density,0.6
b73152cab88f49d9ba195da81fde1809,vru_present,0.2
b73152cab88f49d9ba195da81fde1809,weather,0.0
b7f64f73e8a548488e6d85d9b0e13242,time_of_day,0.0
b7f64f73e8a548488e6d85d9b0e13242,vehicle_density,1.0
b7f64f73e8a548488e6d85d9b0e13242,vru_present,0.8
b7f64f73e8a548488e6d85d9b0e13242,weather,0.0
b8766f4291d5449d95bab459ca724ad8,time_of_day,0.0
b8766f4291d5449d95bab459ca724ad8,vehicle_density,1.0
b8766f4291d5449d95bab459ca724ad8,vru_present,0.867
b8766f4291d5449d95bab459ca724ad8,weather,0.0
b902d29df24c4efda414a9a88ed57031,time_of_day,0.2
b902d29df24c4efda414a9a88ed57031,vehicle_density,0.2
b902d29df24c4efda414a9a88ed57031,vru_present,0.533
b902d29df24c4efda414a9a88ed57031,weather,0.0
b993550e60054741983f8052ba97b0b0,time_of_day,0.2
b993550e60054741983f8052ba97b0b0,vehicle_density,0.8
b993550e60054741983f8052ba97b0b0,vru_present,0.067
b993550e60054741983f8052ba97b0b0,weather,0.267
b9ea04a6121d4a8bb00199b885aa5ef0,time_of_day,0.067
b9ea04a6121d4a8bb00199b885aa5ef0,vehicle_density,0.133
b9ea04a6121d4a8bb00199b885aa5ef0,vru_present,0.0
b9ea04a6121d4a8bb00199b885aa5ef0,weather,0.067
ba2491f55619445e9d2e472f39f3b01b,time_of_day,0.067
ba2491f55619445e9d2e472f39f3b01b,vehicle_density,0.6
ba2491f55619445e9d2e472f39f3b01b,vru_present,0.8
ba2491f55619445e9d2e472f39f3b01b,weather,0.0
baaa60749cd04db7952fd8f4ef8ac837,time_of_day,0.0
baaa60749cd04db7952fd8f4ef8ac837,vehicle_density,1.0
baaa60749cd04db7952fd8f4ef8ac837,vru_present,0.4
baaa60749cd04db7952fd8f4ef8ac837,weather,0.0
bad8a002637046178fe0f8216e5bc355,time_of_day,0.133
bad8a002637046178fe0f8216e5bc355,vehicle_density,1.0
bad8a002637046178fe0f8216e5bc355,vru_present,0.0
bad8a002637046178fe0f8216e5bc355,weather,0.2
bc0040070bcc4233a057bb293f5f6444,time_of_day,0.2
bc0040070bcc4233a057bb293f5f6444,vehicle_density,0.933
bc0040070bcc4233a057bb293f5f6444,vru_present,1.0
bc0040070bcc4233a057bb293f5f6444,weather,0.0
bc3c8a953f6b4dcdb77b521d89f3d9d5,time_of_day,0.067
bc3c8a953f6b4dcdb77b521d89f3d9d5,vehicle_density,0.0
bc3c8a953f6b4dcdb77b521d89f3d9d5,vru_present,0.933
bc3c8a953f6b4dcdb77b521d89f3d9d5,weather,0.0
be1494c7762c43ca88010f366997a586,time_of_day,0.4
be1494c7762c43ca88010f366997a586,vehicle_density,0.467
be1494c7762c43ca88010f366997a586,vru_present,0.733
be1494c7762c43ca88010f366997a586,weather,0.4
be99ffc878b24aca8956bbb4e0f97d0c,time_of_day,0.067
be99ffc878b24aca8956bbb4e0f97d0c,vehicle_density,1.0
be99ffc878b24aca8956bbb4e0f97d0c,vru_present,0.6
be99ffc878b24aca8956bbb4e0f97d0c,weather,0.0
bf2938e43c6f487497cda76b51bfc406,time_of_day,0.067
bf2938e43c6f487497cda76b51bfc406,vehicle_density,0.0
bf2938e43c6f487497cda76b51bfc406,vru_present,0.333
bf2938e43c6f487497cda76b51bfc406,weather,0.067
c0f7a7d51fbe46f9be8ca098da06b7fb,time_of_day,0.2
c0f7a7d51fbe46f9be8ca098da06b7fb,vehicle_density,0.533
c0f7a7d51fbe46f9be8ca098da06b7fb,vru_present,1.0
c0f7a7d51fbe46f9be8ca098da06b7fb,weather,0.8
c143943fd6e246448eab88ce1a0aeda9,time_of_day,0.0
c143943fd6e246448eab88ce1a0aeda9,vehicle_density,1.0
c143943fd6e246448eab88ce1a0aeda9,vru_present,0.267
c143943fd6e246448eab88ce1a0aeda9,weather,0.0
c15f8261acfd4013a735798770fad71a,time_of_day,0.067
c15f8261acfd4013a735798770fad71a,vehicle_density,1.0
c15f8261acfd4013a735798770fad71a,vru_present,0.0
c15f8261acfd4013a735798770fad71a,weather,0.2
c1676a2feac74eee8aa38ca3901787d6,time_of_day,0.267
c1676a2feac74eee8aa38ca3901787d6,vehicle_density,1.0
c1676a2feac74eee8aa38ca3901787d6,vru_present,0.0
c1676a2feac74eee8aa38ca3901787d6,weather,0.133
c18d3bcc9297454ba52112c079cb756e,time_of_day,0.2
c18d3bcc9297454ba52112c079cb756e,vehicle_density,0.2
c18d3bcc9297454ba52112c079cb756e,vru_present,1.0
c1eed31234b94e9f8e22fbf3428b0ac2,time_of_day,0.2
c1eed31234b94e9f8e22fbf3428b0ac2,vehicle_density,1.0
c1eed31234b94e9f8e22fbf3428b0ac2,vru_present,0.0
c235638ed66145988d17f9d0601923f2,time_of_day,0.0
c235638ed66145988d17f9d0601923f2,vehicle_density,0.133
c235638ed66145988d17f9d0601923f2,vru_present,0.8
c235638ed66145988d17f9d0601923f2,weather,0.0
c36e8482feb041de9f081e76396cf4fe,time_of_day,0.2
c36e8482feb041de9f081e76396cf4fe,vehicle_density,0.467
c36e8482feb041de9f081e76396cf4fe,vru_present,0.6
c36e8482feb041de9f081e76396cf4fe,weather,0.0
c4f9b75136384ec4a76c4adfc28b4259,time_of_day,0.0
c4f9b75136384ec4a76c4adfc28b4259,vehicle_density,1.0
c4f9b75136384ec4a76c4adfc28b4259,vru_present,0.333
c4f9b75136384ec4a76c4adfc28b4259,weather,0.0
c537fef0b4b241df92f44daa976fe5b3,time_of_day,0.0
c537fef0b4b241df92f44daa976fe5b3,vehicle_density,1.0
c537fef0b4b241df92f44daa976fe5b3,vru_present,0.933
c537fef0b4b241df92f44daa976fe5b3,weather,0.2
c567f9b8e9f34817acdc9c49d791c557,time_of_day,0.2
c567f9b8e9f34817acdc9c49d791c557,vehicle_density,0.867
c567f9b8e9f34817acdc9c49d791c557,vru_present,0.8
c59e60042a8643e899008da2e446acca,time_of_day,0.0
c59e60042a8643e899008da2e446acca,vehicle_density,0.933
c59e60042a8643e899008da2e446acca,vru_present,0.0
c59e60042a8643e899008da2e446acca,weather,0.0
c5a8f6d7a0fe4858b318aeac2524098f,time_of_day,0.0
c5a8f6d7a0fe4858b318aeac2524098f,vehicle_density,0.667
c5a8f6d7a0fe4858b318aeac2524098f,vru_present,0.6
c5a8f6d7a0fe4858b318aeac2524098f,weather,0.0
c5f58c19249d4137ae063b0e9ecd8b8e,time_of_day,0.0
c5f58c19249d4137ae063b0e9ecd8b8e,vehicle_density,1.0
c5f58c19249d4137ae063b0e9ecd8b8e,vru_present,0.0
c5f58c19249d4137ae063b0e9ecd8b8e,weather,0.133
c631b61375a642b6b110f5bd5543ef7a,time_of_day,0.2
c631b61375a642b6b110f5bd5543ef7a,vehicle_density,0.8
c631b61375a642b6b110f5bd5543ef7a,vru_present,0.333
c631b61375a642b6b110f5bd5543ef7a,weather,0.0
c69f16f8568a4479ab2f200c802309d9,time_of_day,0.2
c69f16f8568a4479ab2f200c802309d9,vehicle_density,0.533
c69f16f8568a4479ab2f200c802309d9,vru_present,1.0
c69f16f8568a4479ab2f200c802309d9,weather,0.667
c78067571d104caba7c568a847d56971,time_of_day,0.067
c78067571d104caba7c568a847d56971,vehicle_density,1.0
c78067571d104caba7c568a847d56971,vru_present,0.067
c78067571d104caba7c568a847d56971,weather,0.2
c844bf5a9f2243ff8f4bf2c85fe218ff,time_of_day,0.2
c844bf5a9f2243ff8f4bf2c85fe218ff,vehicle_density,1.0
c844bf5a9f2243ff8f4bf2c85fe218ff,vru_present,0.733
c844bf5a9f2243ff8f4bf2c85fe218ff,weather,0.0
c923fe08b2ff4e27975d2bf30934383b,time_of_day,0.133
c923fe08b2ff4e27975d2bf30934383b,vehicle_density,0.333
c923fe08b2ff4e27975d2bf30934383b,vru_present,0.133
c923fe08b2ff4e27975d2bf30934383b,weather,0.0
c9304cf98aad4ff0bb5b0cff0aab65d2,time_of_day,0.0
c9304cf98aad4ff0bb5b0cff0aab65d2,vehicle_density,0.533
c9304cf98aad4ff0bb5b0cff0aab65d2,vru_present,0.0
c9304cf98aad4ff0bb5b0cff0aab65d2,weather,0.0
c9e812f2705b4b198f4675dfaa33812d,time_of_day,0.2
c9e812f2705b4b198f4675dfaa33812d,vehicle_density,0.733
c9e812f2705b4b198f4675dfaa33812d,vru_present,0.333
c9e812f2705b4b198f4675dfaa33812d,weather,0.0
ca0a3858c31e4281866e2b2a7f7c0db0,time_of_day,0.133
ca0a3858c31e4281866e2b2a7f7c0db0,vehicle_density,1.0
ca0a3858c31e4281866e2b2a7f7c0db0,vru_present,1.0
ca0a3858c31e4281866e2b2a7f7c0db0,weather,0.2
ca6000b81f2b4b598502b1e93e334a1d,time_of_day,0.0
ca6000b81f2b4b598502b1e93e334a1d,vehicle_density,1.0
ca6000b81f2b4b598502b1e93e334a1d,vru_present,1.0
ca6000b81f2b4b598502b1e93e334a1d,weather,0.933
ca9a282c9e77460f8360f564131a8af5,time_of_day,0.0
ca9a282c9e77460f8360f564131a8af5,vehicle_density,0.8
ca9a282c9e77460f8360f564131a8af5,vru_present,0.133
ca9a282c9e77460f8360f564131a8af5,weather,0.0
cb4e6195faad467094fbd4d0a9e960e9,time_of_day,0.2
cb4e6195faad467094fbd4d0a9e960e9,vehicle_density,1.0
cb4e6195faad467094fbd4d0a9e960e9,vru_present,1.0
cc0342fe162348dc9445493aab4b463e,time_of_day,0.2
cc0342fe162348dc9445493aab4b463e,vehicle_density,0.4
cc0342fe162348dc9445493aab4b463e,vru_present,1.0
cc0342fe162348dc9445493aab4b463e,weather,0.8
cc57c1ea80fe46a7abddfdb15654c872,time_of_day,0.0
cc57c1ea80fe46a7abddfdb15654c872,vehicle_density,0.8
cc57c1ea80fe46a7abddfdb15654c872,vru_present,0.0
cc57c1ea80fe46a7abddfdb15654c872,weather,0.0
cd21dbfc3bd749c7b10a5c42562e0c42,time_of_day,0.0
cd21dbfc3bd749c7b10a5c42562e0c42,vehicle_density,0.0
cd21dbfc3bd749c7b10a5c42562e0c42,vru_present,0.533
cd21dbfc3bd749c7b10a5c42562e0c42,weather,0.133
cd9964f8c3d34383b16e9c2997de1ed0,time_of_day,0.0
cd9964f8c3d34383b16e9c2997de1ed0,vehicle_density,1.0
cd9964f8c3d34383b16e9c2997de1ed0,vru_present,1.0
cd9964f8c3d34383b16e9c2997de1ed0,weather,0.067
ce94ef7a0522468e81c0e2b3a2f1e12d,time_of_day,0.067
ce94ef7a0522468e81c0e2b3a2f1e12d,vehicle_density,0.0
ce94ef7a0522468e81c0e2b3a2f1e12d,vru_present,0.0
ce94ef7a0522468e81c0e2b3a2f1e12d,weather,0.067
d0ecf474e0e64950aa265cd44b9c9d75,time_of_day,0.0
d0ecf474e0e64950aa265cd44b9c9d75,vehicle_density,0.867
d0ecf474e0e64950aa265cd44b9c9d75,vru_present,0.133
d0ecf474e0e64950aa265cd44b9c9d75,weather,0.0
d1136fce62f14400a069613e274f46f7,time_of_day,0.8
d1136fce62f14400a069613e274f46f7,vehicle_density,0.267
d1136fce62f14400a069613e274f46f7,vru_present,0.2
d148d50ba9be44bcb2105d8da47425b4,time_of_day,0.2
d148d50ba9be44bcb2105d8da47425b4,vehicle_density,0.667
d148d50ba9be44bcb2105d8da47425b4,vru_present,0.0
d148d50ba9be44bcb2105d8da47425b4,weather,0.8
d2ae3c5bbb5343a393882b44d56f8da3,time_of_day,0.0
d2ae3c5bbb5343a393882b44d56f8da3,vehicle_density,0.933
d2ae3c5bbb5343a393882b44d56f8da3,vru_present,0.133
d2ae3c5bbb5343a393882b44d56f8da3,weather,0.067
d3c0bbf933594f7184e20d761b6416f4,time_of_day,0.0
d3c0bbf933594f7184e20d761b6416f4,vehicle_density,0.867
d3c0bbf933594f7184e20d761b6416f4,vru_present,0.133
d3c0bbf933594f7184e20d761b6416f4,weather,0.0
d61ef2ae3bd54793b8beec55061940f0,time_of_day,0.2
d61ef2ae3bd54793b8beec55061940f0,vehicle_density,1.0
d61ef2ae3bd54793b8beec55061940f0,vru_present,0.333
d61ef2ae3bd54793b8beec55061940f0,weather,0.0
d68668cb98fe4be5a00f58b5ac8a0a7d,time_of_day,0.067
d68668cb98fe4be5a00f58b5ac8a0a7d,vehicle_density,1.0
d68668cb98fe4be5a00f58b5ac8a0a7d,vru_present,0.867
d68668cb98fe4be5a00f58b5ac8a0a7d,weather,0.2
d6b0de49811b4d1b86a0933719c0c44a,time_of_day,0.267
d6b0de49811b4d1b86a0933719c0c44a,vehicle_density,1.0
d6b0de49811b4d1b86a0933719c0c44a,vru_present,0.933
d6b0de49811b4d1b86a0933719c0c44a,weather,0.067
d7387fb5a21d40a990a5842cca61af1c,time_of_day,0.0
d7387fb5a21d40a990a5842cca61af1c,vehicle_density,1.0
d7387fb5a21d40a990a5842cca61af1c,vru_present,0.6
d7387fb5a21d40a990a5842cca61af1c,weather,0.0
d7bea9a3552b40e29d42324108dff575,time_of_day,0.0
d7bea9a3552b40e29d42324108dff575,vehicle_density,0.733
d7bea9a3552b40e29d42324108dff575,vru_present,0.2
d7bea9a3552b40e29d42324108dff575,weather,0.0
d7cb9aa06de1442d8e2a22d562045cb4,time_of_day,0.2
d7cb9aa06de1442d8e2a22d562045cb4,vehicle_density,0.667
d7cb9aa06de1442d8e2a22d562045cb4,vru_present,0.067
d7cb9aa06de1442d8e2a22d562045cb4,weather,0.067
d8251bbc2105497ab8ec80827d4429aa,time_of_day,0.2
d8251bbc2105497ab8ec80827d4429aa,vehicle_density,1.0
d8251bbc2105497ab8ec80827d4429aa,vru_present,0.4
daae21dc94b74898a7362922e8792415,time_of_day,0.0
daae21dc94b74898a7362922e8792415,vehicle_density,0.933
daae21dc94b74898a7362922e8792415,vru_present,1.0
db0173c29e1e43d1b5535f48e541efdf,time_of_day,0.2
db0173c29e1e43d1b5535f48e541efdf,vehicle_density,0.733
db0173c29e1e43d1b5535f48e541efdf,vru_present,1.0
db0173c29e1e43d1b5535f48e541efdf,weather,0.733
dc03fe4e0a374592af7701c66d5276c4,time_of_day,0.0
dc03fe4e0a374592af7701c66d5276c4,vehicle_density,0.933
dc03fe4e0a374592af7701c66d5276c4,vru_present,0.8
dc03fe4e0a374592af7701c66d5276c4,weather,0.0
dc4c80e8a1534ff8a3eb80307341161c,time_of_day,0.0
dc4c80e8a1534ff8a3eb80307341161c,vehicle_density,0.267
dc4c80e8a1534ff8a3eb80307341161c,vru_present,0.267
dc4c80e8a1534ff8a3eb80307341161c,weather,0.067
dc53cf076d114df7bb59c2a0b3bc3154,time_of_day,0.267
dc53cf076d114df7bb59c2a0b3bc3154,vehicle_density,1.0
dc53cf076d114df7bb59c2a0b3bc3154,vru_present,0.267
dc53cf076d114df7bb59c2a0b3bc3154,weather,0.0
dca2cc206bb34bc197ae8ebdaed22f35,time_of_day,0.2
dca2cc206bb34bc197ae8ebdaed22f35,vehicle_density,1.0
dca2cc206bb34bc197ae8ebdaed22f35,vru_present,0.0
dca2cc206bb34bc197ae8ebdaed22f35,weather,0.2
dcbe451d383e450786aaad04ab9d3790,time_of_day,0.0
dcbe451d383e450786aaad04ab9d3790,vehicle_density,0.933
dcbe451d383e450786aaad04ab9d3790,vru_present,0.2
dcbe451d383e450786aaad04ab9d3790,weather,0.0
dd8d85a47000418e849e4cb2f2a3f45f,time_of_day,0.067
dd8d85a47000418e849e4cb2f2a3f45f,vehicle_density,1.0
dd8d85a47000418e849e4cb2f2a3f45f,vru_present,0.067
dd8d85a47000418e849e4cb2f2a3f45f,weather,0.2
dde297c8e12f44c4bc2f2c80e49d2b5a,time_of_day,0.0
dde297c8e12f44c4bc2f2c80e49d2b5a,vehicle_density,1.0
dde297c8e12f44c4bc2f2c80e49d2b5a,vru_present,0.933
dde297c8e12f44c4bc2f2c80e49d2b5a,weather,0.0
de7593d76648450e947ba0c203dee1b0,time_of_day,0.067
de7593d76648450e947ba0c203dee1b0,vehicle_density,0.267
de7593d76648450e947ba0c203dee1b0,vru_present,0.0
de7593d76648450e947ba0c203dee1b0,weather,0.0
de9432d4fc7a4e5a985e2bc628eb614c,time_of_day,0.2
de9432d4fc7a4e5a985e2bc628eb614c,vehicle_density,1.0
de9432d4fc7a4e5a985e2bc628eb614c,vru_present,1.0
de9432d4fc7a4e5a985e2bc628eb614c,weather,0.067
df7066fa5f0d4b708982747cc3feed14,time_of_day,0.0
df7066fa5f0d4b708982747cc3feed14,vehicle_density,1.0
df7066fa5f0d4b708982747cc3feed14,vru_present,0.467
df7066fa5f0d4b708982747cc3feed14,weather,0.0
e00dc15130dc44e796687baadd076ae4,time_of_day,0.0
e00dc15130dc44e796687baadd076ae4,vehicle_density,0.933
e00dc15130dc44e796687baadd076ae4,vru_present,0.6
e0845f5322254dafadbbed75aaa07969,time_of_day,0.133
e0845f5322254dafadbbed75aaa07969,vehicle_density,1.0
e0845f5322254dafadbbed75aaa07969,vru_present,0.2
e0845f5322254dafadbbed75aaa07969,weather,0.0
e10f8dcb73e646af840d9955a70a63d5,time_of_day,0.4
e10f8dcb73e646af840d9955a70a63d5,vehicle_density,0.933
e10f8dcb73e646af840d9955a70a63d5,vru_present,0.8
e10f8dcb73e646af840d9955a70a63d5,weather,0.2
e122a34ec57c4edf8311b40c3f85f863,time_of_day,0.0
e122a34ec57c4edf8311b40c3f85f863,vehicle_density,1.0
e122a34ec57c4edf8311b40c3f85f863,vru_present,1.0
e122a34ec57c4edf8311b40c3f85f863,weather,0.2
e174cb43655f49dab7ffa27b973670e3,time_of_day,0.2
e174cb43655f49dab7ffa27b973670e3,vehicle_density,1.0
e174cb43655f49dab7ffa27b973670e3,vru_present,1.0
e3bcde4a06124931a097ef2a211aaaef,time_of_day,0.0
e3bcde4a06124931a097ef2a211aaaef,vehicle_density,1.0
e3bcde4a06124931a097ef2a211aaaef,vru_present,0.067
e3bcde4a06124931a097ef2a211aaaef,weather,0.2
e426ccb3e7874894b16e06774ae5ec42,time_of_day,0.0
e426ccb3e7874894b16e06774ae5ec42,vehicle_density,0.733
e426ccb3e7874894b16e06774ae5ec42,vru_present,0.6
e426ccb3e7874894b16e06774ae5ec42,weather,0.0
e54b784a608644a2804fcf800c7499f7,time_of_day,0.2
e54b784a608644a2804fcf800c7499f7,vehicle_density,0.8
e54b784a608644a2804fcf800c7499f7,vru_present,1.0
e63b83b436a0479db7362338cdfab118,time_of_day,0.2
e63b83b436a0479db7362338cdfab118,vehicle_density,0.8
e63b83b436a0479db7362338cdfab118,vru_present,0.667
e6b0b282aa174a978272dc2d0a89d560,time_of_day,0.8
e6b0b282aa174a978272dc2d0a89d560,vehicle_density,1.0
e6b0b282aa174a978272dc2d0a89d560,vru_present,0.0
e6e877f31dd447199b56cae07f86daad,time_of_day,0.2
e6e877f31dd447199b56cae07f86daad,vehicle_density,1.0
e6e877f31dd447199b56cae07f86daad,vru_present,1.0
e8b1863300964b2481fee312496d06d8,time_of_day,0.0
e8b1863300964b2481fee312496d06d8,vehicle_density,0.533
e8b1863300964b2481fee312496d06d8,vru_present,1.0
e8b1863300964b2481fee312496d06d8,weather,0.6
e9a1c915c0d641d0b0a3019112a1ee90,time_of_day,0.0
e9a1c915c0d641d0b0a3019112a1ee90,vehicle_density,0.933
e9a1c915c0d641d0b0a3019112a1ee90,vru_present,0.467
e9a1c915c0d641d0b0a3019112a1ee90,weather,0.0
ebce5a3b3484446580028d6538e69a81,time_of_day,0.0
ebce5a3b3484446580028d6538e69a81,vehicle_density,1.0
ebce5a3b3484446580028d6538e69a81,vru_present,1.0
ebce5a3b3484446580028d6538e69a81,weather,0.133
ecd49e3c38624c77b8aac8df445d49ba,time_of_day,0.0
ecd49e3c38624c77b8aac8df445d49ba,vehicle_density,0.8
ecd49e3c38624c77b8aac8df445d49ba,vru_present,0.333
ecd49e3c38624c77b8aac8df445d49ba,weather,0.0
ed1eee39e3dd4c30a3d932e3ceaa92c2,time_of_day,0.0
ed1eee39e3dd4c30a3d932e3ceaa92c2,vehicle_density,0.667
ed1eee39e3dd4c30a3d932e3ceaa92c2,vru_present,0.4
ed1eee39e3dd4c30a3d932e3ceaa92c2,weather,0.0
ed2e7d24f2ad41abb3d37cd9a0ca8e89,time_of_day,0.2
ed2e7d24f2ad41abb3d37cd9a0ca8e89,vehicle_density,0.8
ed2e7d24f2ad41abb3d37cd9a0ca8e89,vru_present,1.0
ed2e7d24f2ad41abb3d37cd9a0ca8e89,weather,0.8
ed5b84e7ea6f434e99d7816b37d15f2f,time_of_day,0.0
ed5b84e7ea6f434e99d7816b37d15f2f,vehicle_density,1.0
ed5b84e7ea6f434e99d7816b37d15f2f,vru_present,0.533
ed5b84e7ea6f434e99d7816b37d15f2f,weather,0.0
ed5fc18c31904f96a8f0dbb99ff069c0,time_of_day,0.067
ed5fc18c31904f96a8f0dbb99ff069c0,vehicle_density,1.0
ed5fc18c31904f96a8f0dbb99ff069c0,vru_present,0.8
ed5fc18c31904f96a8f0dbb99ff069c0,weather,0.0
edba7d0cf1c64d2a9c8a5ebddab507a9,time_of_day,0.133
edba7d0cf1c64d2a9c8a5ebddab507a9,vehicle_density,1.0
edba7d0cf1c64d2a9c8a5ebddab507a9,vru_present,0.067
ee9b3f38dadd40588f43ba590c4751b9,time_of_day,0.2
ee9b3f38dadd40588f43ba590c4751b9,vehicle_density,0.467
ee9b3f38dadd40588f43ba590c4751b9,vru_present,1.0
ee9b3f38dadd40588f43ba590c4751b9,weather,0.8
eef55c3b48f34d949959b45130ee293a,time_of_day,0.067
eef55c3b48f34d949959b45130ee293a,vehicle_density,0.6
eef55c3b48f34d949959b45130ee293a,vru_present,0.0
eef55c3b48f34d949959b45130ee293a,weather,0.133
eff61ec3657c4d1c9327e3fe6ca639d3,time_of_day,0.267
eff61ec3657c4d1c9327e3fe6ca639d3,vehicle_density,0.8
eff61ec3657c4d1c9327e3fe6ca639d3,vru_present,0.2
eff61ec3657c4d1c9327e3fe6ca639d3,weather,0.2
f0c059b6d7b8438ea9f08de0a3c1fc1a,time_of_day,0.2
f0c059b6d7b8438ea9f08de0a3c1fc1a,vehicle_density,0.267
f0c059b6d7b8438ea9f08de0a3c1fc1a,vru_present,1.0
f0c059b6d7b8438ea9f08de0a3c1fc1a,weather,0.8
f1e3d9d08f044c439ce86a2d6fcca57b,time_of_day,0.2
f1e3d9d08f044c439ce86a2d6fcca57b,vehicle_density,1.0
f1e3d9d08f044c439ce86a2d6fcca57b,vru_present,0.867
f1e3d9d08f044c439ce86a2d6fcca57b,weather,0.0
f1fd429830e3437db4ba03ba851f0015,time_of_day,0.2
f1fd429830e3437db4ba03ba851f0015,vehicle_density,1.0
f1fd429830e3437db4ba03ba851f0015,vru_present,1.0
f1fd429830e3437db4ba03ba851f0015,weather,0.0
f218a2b4fa6941f7ac3798adc72126e8,time_of_day,0.133
f218a2b4fa6941f7ac3798adc72126e8,vehicle_density,0.4
f218a2b4fa6941f7ac3798adc72126e8,vru_present,0.6
f218a2b4fa6941f7ac3798adc72126e8,weather,0.0
f2a6d0e38153467ba0d02706024e258d,time_of_day,0.2
f2a6d0e38153467ba0d02706024e258d,vehicle_density,1.0
f2a6d0e38153467ba0d02706024e258d,vru_present,0.133
f2a6d0e38153467ba0d02706024e258d,weather,0.0
f2d48fe35d5646659dc339e1d36886f9,time_of_day,0.2
f2d48fe35d5646659dc339e1d36886f9,vehicle_density,0.533
f2d48fe35d5646659dc339e1d36886f9,vru_present,0.0
f2d48fe35d5646659dc339e1d36886f9,weather,0.8
f3e7e088082d4aabb9a3bf504d4ac904,time_of_day,0.0
f3e7e088082d4aabb9a3bf504d4ac904,vehicle_density,1.0
f3e7e088082d4aabb9a3bf504d4ac904,vru_present,0.667
f3e7e088082d4aabb9a3bf504d4ac904,weather,0.2
f40544fd4f5d42abbcfa948eeaf86850,time_of_day,0.0
f40544fd4f5d42abbcfa948eeaf86850,vehicle_density,0.6
f40544fd4f5d42abbcfa948eeaf86850,vru_present,0.0
f40544fd4f5d42abbcfa948eeaf86850,weather,0.0
f4163d8adea94bcf892e005d5d2937a8,time_of_day,0.0
f4163d8adea94bcf892e005d5d2937a8,vehicle_density,1.0
f4163d8adea94bcf892e005d5d2937a8,vru_present,1.0
f4163d8adea94bcf892e005d5d2937a8,weather,0.4
f4f86af4da3b49e79497deda5c5f223a,time_of_day,0.0
f4f86af4da3b49e79497deda5c5f223a,vehicle_density,0.6
f4f86af4da3b49e79497deda5c5f223a,vru_present,0.067
f4f86af4da3b49e79497deda5c5f223a,weather,0.0
f5b8088835f247b8a5434a9f0daadc20,time_of_day,0.0
f5b8088835f247b8a5434a9f0daadc20,vehicle_density,0.733
f5b8088835f247b8a5434a9f0daadc20,vru_present,0.467
f5b8088835f247b8a5434a9f0daadc20,weather,0.0
f5f955d2d7594fb4b18ef615b421c98e,time_of_day,0.2
f5f955d2d7594fb4b18ef615b421c98e,vehicle_density,0.0
f5f955d2d7594fb4b18ef615b421c98e,vru_present,1.0
f65ffdc408fb4a0c8ef0d1614b47dce8,time_of_day,0.8
f65ffdc408fb4a0c8ef0d1614b47dce8,vehicle_density,1.0
f65ffdc408fb4a0c8ef0d1614b47dce8,vru_present,0.267
f6ef25ab02c0483b9df411ed84873f41,time_of_day,0.0
f6ef25ab02c0483b9df411ed84873f41,vehicle_density,1.0
f6ef25ab02c0483b9df411ed84873f41,vru_present,0.333
f6ef25ab02c0483b9df411ed84873f41,weather,0.0
f753d3f87e5b40af87ff2cbf7c8e7082,time_of_day,0.0
f753d3f87e5b40af87ff2cbf7c8e7082,vehicle_density,0.067
f753d3f87e5b40af87ff2cbf7c8e7082,vru_present,0.133
f753d3f87e5b40af87ff2cbf7c8e7082,weather,0.0
f77ef1c17cbf432587d705c88ce76b3b,time_of_day,0.8
f77ef1c17cbf432587d705c88ce76b3b,vehicle_density,1.0
f77ef1c17cbf432587d705c88ce76b3b,vru_present,0.0
f90292e4cdf647e1a8842baabdaafcec,time_of_day,0.2
f90292e4cdf647e1a8842baabdaafcec,vehicle_density,0.133
f90292e4cdf647e1a8842baabdaafcec,vru_present,1.0
fa51f1910942494cbe396640010fea64,time_of_day,0.8
fa51f1910942494cbe396640010fea64,vehicle_density,0.533
fa51f1910942494cbe396640010fea64,vru_present,0.733
fa51f1910942494cbe396640010fea64,weather,0.4
fa65a298c01f44e7a182bbf9e5fe3697,time_of_day,0.0
fa65a298c01f44e7a182bbf9e5fe3697,vehicle_density,1.0
fa65a298c01f44e7a182bbf9e5fe3697,vru_present,0.133
fa65a298c01f44e7a182bbf9e5fe3697,weather,0.0
fb61d590dd1143ccb12ea56fbe9d9d07,time_of_day,0.6
fb61d590dd1143ccb12ea56fbe9d9d07,vehicle_density,1.0
fb61d590dd1143ccb12ea56fbe9d9d07,vru_present,0.133
fc8ed14d78fa4879898315f5dee21d38,time_of_day,0.267
fc8ed14d78fa4879898315f5dee21d38,vehicle_density,1.0
fc8ed14d78fa4879898315f5dee21d38,vru_present,0.267
fc8ed14d78fa4879898315f5dee21d38,weather,0.0
fdc39b23ab4242eda6ec5e1e6574fe33,time_of_day,0.0
fdc39b23ab4242eda6ec5e1e6574fe33,vehicle_density,0.4
fdc39b23ab4242eda6ec5e1e6574fe33,vru_present,0.667
fdc39b23ab4242eda6ec5e1e6574fe33,weather,0.0
fe2a163b8948451b95fa48e21e1988ce,time_of_day,0.133
fe2a163b8948451b95fa48e21e1988ce,vehicle_density,0.0
fe2a163b8948451b95fa48e21e1988ce,vru_present,0.067
fe2a163b8948451b95fa48e21e1988ce,weather,0.0
fe40762a54e1414da73de751877ad576,time_of_day,0.0
fe40762a54e1414da73de751877ad576,vehicle_density,0.2
fe40762a54e1414da73de751877ad576,vru_present,1.0
fe42b85d7f7a4107b650ffa993a4fbff,time_of_day,0.2
fe42b85d7f7a4107b650ffa993a4fbff,vehicle_density,0.8
fe42b85d7f7a4107b650ffa993a4fbff,vru_present,0.0
fe42b85d7f7a4107b650ffa993a4fbff,weather,0.0
feaef544d11646ed806b53d9e1f39cd9,time_of_day,0.4
feaef544d11646ed806b53d9e1f39cd9,vehicle_density,1.0
feaef544d11646ed806b53d9e1f39cd9,vru_present,0.2
feaef544d11646ed806b53d9e1f39cd9,weather,0.2
fedfb3a6cb804635a0f47143f9ca8d6f,time_of_day,0.2
fedfb3a6cb804635a0f47143f9ca8d6f,vehicle_density,1.0
fedfb3a6cb804635a0f47143f9ca8d6f,vru_present,0.467
fedfb3a6cb804635a0f47143f9ca8d6f,weather,0.0
ff007cb7b78443e6887401d694f0d369,time_of_day,0.0
ff007cb7b78443e6887401d694f0d369,vehicle_density,1.0
ff007cb7b78443e6887401d694f0d369,vru_present,0.6
ff007cb7b78443e6887401d694f0d369,weather,0.0
