accuracy,macro_f1,weighted_f1,macro_precision,macro_recall,auc,attribute,model,version,seed,fold,best_params
0.9933499584372403,0.989490788059858,0.993307608145033,0.9958762886597938,0.9834024896265561,0.9998619749657094,time_of_day,LogisticRegression,base,42,0,
0.9933499584372403,0.989490788059858,0.993307608145033,0.9958762886597938,0.9834024896265561,0.9998619749657094,time_of_day,LogisticRegression,base,7,0,
0.9933499584372403,0.989490788059858,0.993307608145033,0.9958762886597938,0.9834024896265561,0.9998619749657094,time_of_day,LogisticRegression,base,123,0,
0.9866999168744804,0.9787089066855449,0.9865264349707857,0.9918200408997955,0.966804979253112,0.999814528860172,time_of_day,LogisticRegression,tuned,42,0,{'clf__C': 0.1}
0.9933499584372403,0.989490788059858,0.993307608145033,0.9958762886597938,0.9834024896265561,0.9998619749657094,time_of_day,LogisticRegression,tuned,7,0,{'clf__C': 1.0}
0.999168744804655,0.9987007587007588,0.9991680966244559,0.9994807892004154,0.9979253112033195,0.9999309874828547,time_of_day,LogisticRegression,tuned,123,0,{'clf__C': 10.0}
0.9775561097256857,0.9634101418827201,0.9770454932393756,0.9863498483316482,0.9439834024896265,0.9986930754565609,time_of_day,SVM_RBF,base,42,0,
0.9775561097256857,0.9634101418827201,0.9770454932393756,0.9863498483316482,0.9439834024896265,0.9986887621742394,time_of_day,SVM_RBF,base,7,0,
0.9775561097256857,0.9634101418827201,0.9770454932393756,0.9863498483316482,0.9439834024896265,0.9986930754565609,time_of_day,SVM_RBF,base,123,0,
0.9775561097256857,0.9634101418827201,0.9770454932393756,0.9863498483316482,0.9439834024896265,0.9986930754565609,time_of_day,SVM_RBF,tuned,42,0,"{'clf__C': 1.0, 'clf__gamma': 'scale'}"
0.9775561097256857,0.9634101418827201,0.9770454932393756,0.9863498483316482,0.9439834024896265,0.9986887621742394,time_of_day,SVM_RBF,tuned,7,0,"{'clf__C': 1.0, 'clf__gamma': 'scale'}"
0.9775561097256857,0.9634101418827201,0.9770454932393756,0.9863498483316482,0.9439834024896265,0.9986930754565609,time_of_day,SVM_RBF,tuned,123,0,"{'clf__C': 1.0, 'clf__gamma': 'scale'}"
0.9800498753117207,0.9676389623665074,0.9796500606665056,0.9878296146044625,0.950207468879668,1.0,time_of_day,RandomForest,base,42,0,
0.9750623441396509,0.9591375983913188,0.9744262024985723,0.9848790322580645,0.9377593360995851,1.0,time_of_day,RandomForest,base,7,0,
0.9750623441396509,0.9591375983913188,0.9744262024985723,0.9848790322580645,0.9377593360995851,1.0,time_of_day,RandomForest,base,123,0,
0.9808811305070657,0.9690390109133877,0.9805150434766159,0.9883248730964467,0.9522821576763485,1.0,time_of_day,RandomForest,tuned,42,0,"{'max_depth': None, 'min_samples_split': 5}"
0.9775561097256857,0.9634101418827201,0.9770454932393756,0.9863498483316482,0.9439834024896265,1.0,time_of_day,RandomForest,tuned,7,0,"{'max_depth': None, 'min_samples_split': 5}"
0.9800498753117207,0.9676389623665074,0.9796500606665056,0.9878296146044625,0.950207468879668,1.0,time_of_day,RandomForest,tuned,123,0,"{'max_depth': None, 'min_samples_split': 10}"
0.9975062344139651,0.9961263731840697,0.9975119998508587,0.9938524590163935,0.9984407484407485,0.9999439273298195,time_of_day,XGBoost,base,42,0,
0.9975062344139651,0.9961263731840697,0.9975119998508587,0.9938524590163935,0.9984407484407485,0.9999439273298195,time_of_day,XGBoost,base,7,0,
0.9975062344139651,0.9961263731840697,0.9975119998508587,0.9938524590163935,0.9984407484407485,0.9999439273298195,time_of_day,XGBoost,base,123,0,
0.9975062344139651,0.9961263731840697,0.9975119998508587,0.9938524590163935,0.9984407484407485,0.9999525538944626,time_of_day,XGBoost,tuned,42,0,"{'learning_rate': 0.05, 'max_depth': 3}"
0.9975062344139651,0.9961263731840697,0.9975119998508587,0.9938524590163935,0.9984407484407485,0.9999525538944626,time_of_day,XGBoost,tuned,7,0,"{'learning_rate': 0.05, 'max_depth': 3}"
0.9975062344139651,0.9961263731840697,0.9975119998508587,0.9938524590163935,0.9984407484407485,0.9999525538944626,time_of_day,XGBoost,tuned,123,0,"{'learning_rate': 0.05, 'max_depth': 3}"
0.9875311720698254,0.9800720696444998,0.9873791523193093,0.9923234390992834,0.9688796680497925,0.9968685570345321,time_of_day,MLP,base,42,0,
0.9825436408977556,0.9719177998441545,0.982270815249082,0.9875540678292972,0.9579864735466395,0.9967650382588141,time_of_day,MLP,base,7,0,
0.9883624272651704,0.9814307639385038,0.9882303955827577,0.992827868852459,0.970954356846473,0.9935904624701306,time_of_day,MLP,base,123,0,
0.9858686616791354,0.9774150122637665,0.9856963726285506,0.989599278992038,0.9662852287333615,0.9967822913881005,time_of_day,MLP,tuned,42,0,"{'clf__alpha': 0.0001, 'clf__hidden_layer_sizes': (64,)}"
0.9825436408977556,0.9719177998441545,0.982270815249082,0.9875540678292972,0.9579864735466395,0.9967650382588141,time_of_day,MLP,tuned,7,0,"{'clf__alpha': 0.0001, 'clf__hidden_layer_sizes': (128,)}"
0.9883624272651704,0.9814307639385038,0.9882303955827577,0.992827868852459,0.970954356846473,0.9935904624701306,time_of_day,MLP,tuned,123,0,"{'clf__alpha': 0.0001, 'clf__hidden_layer_sizes': (128,)}"
0.9966638865721434,0.994838748557949,0.9966690061738663,0.9933288988069694,0.9963664861783984,0.9999265956803717,time_of_day,LogisticRegression,base,42,1,
0.9966638865721434,0.994838748557949,0.9966690061738663,0.9933288988069694,0.9963664861783984,0.9999265956803717,time_of_day,LogisticRegression,base,7,1,
0.9966638865721434,0.994838748557949,0.9966690061738663,0.9933288988069694,0.9963664861783984,0.9999265956803717,time_of_day,LogisticRegression,base,123,1,
0.9983319432860718,0.9974193742789745,0.9983345030869332,0.9959016393442623,0.9989550679205852,0.9999740925930724,time_of_day,LogisticRegression,tuned,42,1,{'clf__C': 0.1}
0.9983319432860718,0.9974193742789745,0.9983345030869332,0.9959016393442623,0.9989550679205852,0.9999740925930724,time_of_day,LogisticRegression,tuned,7,1,{'clf__C': 0.1}
0.9966638865721434,0.994838748557949,0.9966690061738663,0.9933288988069694,0.9963664861783984,0.9999265956803717,time_of_day,LogisticRegression,tuned,123,1,{'clf__C': 1.0}
0.9966638865721434,0.9948228365156264,0.9966638865721434,0.9948228365156264,0.9948228365156264,0.9998445555584342,time_of_day,SVM_RBF,base,42,1,
0.9966638865721434,0.9948228365156264,0.9966638865721434,0.9948228365156264,0.9948228365156264,0.9998445555584342,time_of_day,SVM_RBF,base,7,1,
0.9966638865721434,0.9948228365156264,0.9966638865721434,0.9948228365156264,0.9948228365156264,0.9998445555584342,time_of_day,SVM_RBF,base,123,1,
0.9966638865721434,0.9948228365156264,0.9966638865721434,0.9948228365156264,0.9948228365156264,0.9998445555584342,time_of_day,SVM_RBF,tuned,42,1,"{'clf__C': 1.0, 'clf__gamma': 'scale'}"
0.9966638865721434,0.9948228365156264,0.9966638865721434,0.9948228365156264,0.9948228365156264,0.9998445555584342,time_of_day,SVM_RBF,tuned,7,1,"{'clf__C': 1.0, 'clf__gamma': 'scale'}"
0.9966638865721434,0.9948228365156264,0.9966638865721434,0.9948228365156264,0.9948228365156264,0.9998445555584342,time_of_day,SVM_RBF,tuned,123,1,"{'clf__C': 1.0, 'clf__gamma': 'scale'}"
0.9924937447873228,0.9881862221857296,0.9924401982356456,0.9953416149068324,0.981404958677686,0.9997560385847647,time_of_day,RandomForest,base,42,1,
0.9949958298582152,0.9921613493723849,0.9949722419484857,0.9968847352024922,0.9876033057851239,0.9997992175963109,time_of_day,RandomForest,base,7,1,
0.9933277731442869,0.9895154732028086,0.9932855900190699,0.9958549222797928,0.9834710743801653,0.9999870462965362,time_of_day,RandomForest,base,123,1,
0.9958298582151793,0.9934780314642826,0.9958135260849647,0.9974012474012475,0.9896694214876033,0.9997452438318782,time_of_day,RandomForest,tuned,42,1,"{'max_depth': None, 'min_samples_split': 5}"
0.9949958298582152,0.9921613493723849,0.9949722419484857,0.9968847352024922,0.9876033057851239,0.999801376546888,time_of_day,RandomForest,tuned,7,1,"{'max_depth': None, 'min_samples_split': 5}"
0.994161801501251,0.9908405060694061,0.9941296005760115,0.9963692946058091,0.9855371900826446,0.9997841049422697,time_of_day,RandomForest,tuned,123,1,"{'max_depth': None, 'min_samples_split': 5}"
1.0,1.0,1.0,1.0,1.0,1.0,time_of_day,XGBoost,base,42,1,
1.0,1.0,1.0,1.0,1.0,1.0,time_of_day,XGBoost,base,7,1,
1.0,1.0,1.0,1.0,1.0,1.0,time_of_day,XGBoost,base,123,1,
1.0,1.0,1.0,1.0,1.0,1.0,time_of_day,XGBoost,tuned,42,1,"{'learning_rate': 0.05, 'max_depth': 3}"
1.0,1.0,1.0,1.0,1.0,1.0,time_of_day,XGBoost,tuned,7,1,"{'learning_rate': 0.05, 'max_depth': 3}"
1.0,1.0,1.0,1.0,1.0,1.0,time_of_day,XGBoost,tuned,123,1,"{'learning_rate': 0.2, 'max_depth': 3}"
0.987489574645538,0.980792172049166,0.9875557919028466,0.9758063834284507,0.985988410753301,0.9990846049552234,time_of_day,MLP,base,42,1,
0.9899916597164303,0.9847029905079441,0.9900666763009479,0.9776466200700625,0.9921867578607391,0.999209824088707,time_of_day,MLP,base,7,1,
0.9891576313594662,0.9833532157759439,0.9892150196491338,0.9783407313464383,0.9885769924954878,0.9992832284083353,time_of_day,MLP,base,123,1,
0.9908256880733946,0.9858714666615247,0.9908605769565767,0.9822300377640936,0.9896219245749027,0.9992357314956346,time_of_day,MLP,tuned,42,1,"{'clf__alpha': 0.0001, 'clf__hidden_layer_sizes': (64,)}"
0.9958298582151793,0.9935779393916022,0.995845716798444,0.9898785425101215,0.997387669801463,0.9999525030872993,time_of_day,MLP,tuned,7,1,"{'clf__alpha': 0.0001, 'clf__hidden_layer_sizes': (64,)}"
0.994161801501251,0.991009115148243,0.9941840035178214,0.9873290409281121,0.9947990880592761,0.9999179598780625,time_of_day,MLP,tuned,123,1,"{'clf__alpha': 0.0001, 'clf__hidden_layer_sizes': (64,)}"
1.0,1.0,1.0,1.0,1.0,1.0,time_of_day,LogisticRegression,base,42,2,
1.0,1.0,1.0,1.0,1.0,1.0,time_of_day,LogisticRegression,base,7,2,
1.0,1.0,1.0,1.0,1.0,1.0,time_of_day,LogisticRegression,base,123,2,
1.0,1.0,1.0,1.0,1.0,1.0,time_of_day,LogisticRegression,tuned,42,2,{'clf__C': 0.1}
0.9991708126036484,0.9987015657652634,0.9991714598406669,0.9979253112033195,0.9994824016563146,1.0,time_of_day,LogisticRegression,tuned,7,2,{'clf__C': 0.01}
1.0,1.0,1.0,1.0,1.0,1.0,time_of_day,LogisticRegression,tuned,123,2,{'clf__C': 1.0}
1.0,1.0,1.0,1.0,1.0,1.0,time_of_day,SVM_RBF,base,42,2,
1.0,1.0,1.0,1.0,1.0,1.0,time_of_day,SVM_RBF,base,7,2,
1.0,1.0,1.0,1.0,1.0,1.0,time_of_day,SVM_RBF,base,123,2,
1.0,1.0,1.0,1.0,1.0,1.0,time_of_day,SVM_RBF,tuned,42,2,"{'clf__C': 1.0, 'clf__gamma': 'scale'}"
1.0,1.0,1.0,1.0,1.0,1.0,time_of_day,SVM_RBF,tuned,7,2,"{'clf__C': 10.0, 'clf__gamma': 'scale'}"
1.0,1.0,1.0,1.0,1.0,1.0,time_of_day,SVM_RBF,tuned,123,2,"{'clf__C': 1.0, 'clf__gamma': 'scale'}"
1.0,1.0,1.0,1.0,1.0,1.0,time_of_day,RandomForest,base,42,2,
1.0,1.0,1.0,1.0,1.0,1.0,time_of_day,RandomForest,base,7,2,
1.0,1.0,1.0,1.0,1.0,1.0,time_of_day,RandomForest,base,123,2,
1.0,1.0,1.0,1.0,1.0,1.0,time_of_day,RandomForest,tuned,42,2,"{'max_depth': None, 'min_samples_split': 10}"
1.0,1.0,1.0,1.0,1.0,1.0,time_of_day,RandomForest,tuned,7,2,"{'max_depth': 10, 'min_samples_split': 2}"
1.0,1.0,1.0,1.0,1.0,1.0,time_of_day,RandomForest,tuned,123,2,"{'max_depth': None, 'min_samples_split': 10}"
1.0,1.0,1.0,1.0,1.0,1.0,time_of_day,XGBoost,base,42,2,
1.0,1.0,1.0,1.0,1.0,1.0,time_of_day,XGBoost,base,7,2,
1.0,1.0,1.0,1.0,1.0,1.0,time_of_day,XGBoost,base,123,2,
1.0,1.0,1.0,1.0,1.0,1.0,time_of_day,XGBoost,tuned,42,2,"{'learning_rate': 0.2, 'max_depth': 3}"
1.0,1.0,1.0,1.0,1.0,1.0,time_of_day,XGBoost,tuned,7,2,"{'learning_rate': 0.05, 'max_depth': 3}"
1.0,1.0,1.0,1.0,1.0,1.0,time_of_day,XGBoost,tuned,123,2,"{'learning_rate': 0.2, 'max_depth': 3}"
0.9950248756218906,0.9922695280950733,0.9950478368512807,0.9878048780487805,0.9968944099378882,1.0,time_of_day,MLP,base,42,2,
0.9966832504145937,0.9948304241967011,0.9966935153797898,0.9918032786885246,0.9979296066252588,1.0,time_of_day,MLP,base,7,2,
0.9933665008291874,0.9897242766095224,0.9934070827146432,0.9838709677419355,0.9958592132505175,0.9999137336093858,time_of_day,MLP,base,123,2,
0.9950248756218906,0.9922695280950733,0.9950478368512807,0.9878048780487805,0.9968944099378882,0.9999827467218771,time_of_day,MLP,tuned,42,2,"{'clf__alpha': 0.0001, 'clf__hidden_layer_sizes': (64,)}"
0.9966832504145937,0.9948304241967011,0.9966935153797898,0.9918032786885246,0.9979296066252588,0.9998921670117322,time_of_day,MLP,tuned,7,2,"{'clf__alpha': 0.0001, 'clf__hidden_layer_sizes': (256,)}"
0.9933665008291874,0.9897242766095224,0.9934070827146432,0.9838709677419355,0.9958592132505175,0.9999137336093858,time_of_day,MLP,tuned,123,2,"{'clf__alpha': 0.0001, 'clf__hidden_layer_sizes': (128,)}"
0.9975186104218362,0.9961431182787694,0.997524325763151,0.9938775510204081,0.9984488107549121,1.0,time_of_day,LogisticRegression,base,42,3,
0.9975186104218362,0.9961431182787694,0.997524325763151,0.9938775510204081,0.9984488107549121,1.0,time_of_day,LogisticRegression,base,7,3,
0.9975186104218362,0.9961431182787694,0.997524325763151,0.9938775510204081,0.9984488107549121,1.0,time_of_day,LogisticRegression,base,123,3,
0.9975186104218362,0.9961431182787694,0.997524325763151,0.9938775510204081,0.9984488107549121,1.0,time_of_day,LogisticRegression,tuned,42,3,{'clf__C': 1.0}
0.9975186104218362,0.9961431182787694,0.997524325763151,0.9938775510204081,0.9984488107549121,1.0,time_of_day,LogisticRegression,tuned,7,3,{'clf__C': 1.0}
0.9975186104218362,0.9961431182787694,0.997524325763151,0.9938775510204081,0.9984488107549121,1.0,time_of_day,LogisticRegression,tuned,123,3,{'clf__C': 1.0}
0.9983457402812241,0.9974087822776997,0.9983431626801141,0.998968008255934,0.9958677685950413,1.0,time_of_day,SVM_RBF,base,42,3,
0.9983457402812241,0.9974087822776997,0.9983431626801141,0.998968008255934,0.9958677685950413,1.0,time_of_day,SVM_RBF,base,7,3,
0.9983457402812241,0.9974087822776997,0.9983431626801141,0.998968008255934,0.9958677685950413,1.0,time_of_day,SVM_RBF,base,123,3,
0.9983457402812241,0.9974087822776997,0.9983431626801141,0.998968008255934,0.9958677685950413,1.0,time_of_day,SVM_RBF,tuned,42,3,"{'clf__C': 1.0, 'clf__gamma': 'scale'}"
0.9983457402812241,0.9974087822776997,0.9983431626801141,0.998968008255934,0.9958677685950413,1.0,time_of_day,SVM_RBF,tuned,7,3,"{'clf__C': 1.0, 'clf__gamma': 'scale'}"
0.9983457402812241,0.9974087822776997,0.9983431626801141,0.998968008255934,0.9958677685950413,1.0,time_of_day,SVM_RBF,tuned,123,3,"{'clf__C': 1.0, 'clf__gamma': 'scale'}"
1.0,1.0,1.0,1.0,1.0,1.0,time_of_day,RandomForest,base,42,3,
1.0,1.0,1.0,1.0,1.0,1.0,time_of_day,RandomForest,base,7,3,
1.0,1.0,1.0,1.0,1.0,1.0,time_of_day,RandomForest,base,123,3,
1.0,1.0,1.0,1.0,1.0,1.0,time_of_day,RandomForest,tuned,42,3,"{'max_depth': None, 'min_samples_split': 5}"
1.0,1.0,1.0,1.0,1.0,1.0,time_of_day,RandomForest,tuned,7,3,"{'max_depth': 10, 'min_samples_split': 5}"
1.0,1.0,1.0,1.0,1.0,1.0,time_of_day,RandomForest,tuned,123,3,"{'max_depth': None, 'min_samples_split': 10}"
1.0,1.0,1.0,1.0,1.0,1.0,time_of_day,XGBoost,base,42,3,
1.0,1.0,1.0,1.0,1.0,1.0,time_of_day,XGBoost,base,7,3,
1.0,1.0,1.0,1.0,1.0,1.0,time_of_day,XGBoost,base,123,3,
1.0,1.0,1.0,1.0,1.0,1.0,time_of_day,XGBoost,tuned,42,3,"{'learning_rate': 0.05, 'max_depth': 3}"
1.0,1.0,1.0,1.0,1.0,1.0,time_of_day,XGBoost,tuned,7,3,"{'learning_rate': 0.05, 'max_depth': 3}"
1.0,1.0,1.0,1.0,1.0,1.0,time_of_day,XGBoost,tuned,123,3,"{'learning_rate': 0.2, 'max_depth': 3}"
0.9652605459057072,0.9488360189267837,0.9662196423716297,0.926765590213225,0.976734297947986,0.9983035203022042,time_of_day,MLP,base,42,3,
0.9644334160463193,0.9478333903630198,0.9654800452316299,0.9245614035087719,0.9777662874870734,0.9967352380626799,time_of_day,MLP,base,7,3,
0.9669148056244831,0.9510010537407798,0.9677462933861861,0.930580562402924,0.9762193714905946,0.9986453801909287,time_of_day,MLP,base,123,3,
0.9652605459057072,0.9488360189267837,0.9662196423716297,0.926765590213225,0.976734297947986,0.9994487509294316,time_of_day,MLP,tuned,42,3,"{'clf__alpha': 0.0001, 'clf__hidden_layer_sizes': (64,)}"
0.9611248966087675,0.9432902493720041,0.9623612217122011,0.9186851211072664,0.9756980351602895,0.9972950336304665,time_of_day,MLP,tuned,7,3,"{'clf__alpha': 0.0001, 'clf__hidden_layer_sizes': (64,)}"
0.9528535980148883,0.9319566619042023,0.9545690181433776,0.9051756601098706,0.9689783517225465,0.9984146247660397,time_of_day,MLP,tuned,123,3,"{'clf__alpha': 0.0001, 'clf__hidden_layer_sizes': (64,)}"
0.9908637873754153,0.9854832751853229,0.9907830429905709,0.99435318275154,0.9771784232365146,0.998668579775339,time_of_day,LogisticRegression,base,42,4,
0.9908637873754153,0.9854832751853229,0.9907830429905709,0.99435318275154,0.9771784232365146,0.998668579775339,time_of_day,LogisticRegression,base,7,4,
0.9908637873754153,0.9854832751853229,0.9907830429905709,0.99435318275154,0.9771784232365146,0.998668579775339,time_of_day,LogisticRegression,base,123,4,
0.9883720930232558,0.9814344876200547,0.9882401277030862,0.9928352098259979,0.970954356846473,0.9983755811498474,time_of_day,LogisticRegression,tuned,42,4,{'clf__C': 0.1}
0.9908637873754153,0.9854832751853229,0.9907830429905709,0.99435318275154,0.9771784232365146,0.998668579775339,time_of_day,LogisticRegression,tuned,7,4,{'clf__C': 1.0}
0.9883720930232558,0.9814344876200547,0.9882401277030862,0.9928352098259979,0.970954356846473,0.9983755811498474,time_of_day,LogisticRegression,tuned,123,4,{'clf__C': 0.1}
0.9617940199335548,0.9355844204179615,0.9602241741292356,0.9772051536174431,0.9045643153526971,0.9994829436020733,time_of_day,SVM_RBF,base,42,4,
0.9617940199335548,0.9355844204179615,0.9602241741292356,0.9772051536174431,0.9045643153526971,0.9994829436020733,time_of_day,SVM_RBF,base,7,4,
0.9617940199335548,0.9355844204179615,0.9602241741292356,0.9772051536174431,0.9045643153526971,0.9994829436020733,time_of_day,SVM_RBF,base,123,4,
0.9617940199335548,0.9355844204179615,0.9602241741292356,0.9772051536174431,0.9045643153526971,0.9994829436020733,time_of_day,SVM_RBF,tuned,42,4,"{'clf__C': 1.0, 'clf__gamma': 'scale'}"
0.9617940199335548,0.9355844204179615,0.9602241741292356,0.9772051536174431,0.9045643153526971,0.9994829436020733,time_of_day,SVM_RBF,tuned,7,4,"{'clf__C': 1.0, 'clf__gamma': 'scale'}"
0.9617940199335548,0.9355844204179615,0.9602241741292356,0.9772051536174431,0.9045643153526971,0.9994829436020733,time_of_day,SVM_RBF,tuned,123,4,"{'clf__C': 1.0, 'clf__gamma': 'scale'}"
0.9543189368770764,0.9217153118560752,0.9520110869721149,0.9729862475442044,0.8858921161825726,0.9986276461438365,time_of_day,RandomForest,base,42,4,
0.9543189368770764,0.9217153118560752,0.9520110869721149,0.9729862475442044,0.8858921161825726,0.9976409301844599,time_of_day,RandomForest,base,7,4,
0.9534883720930233,0.9201451561707954,0.951088346268287,0.97252208047105,0.8838174273858921,0.9977529590706773,time_of_day,RandomForest,base,123,4,
0.9543189368770764,0.9217153118560752,0.9520110869721149,0.9729862475442044,0.8858921161825726,0.9986276461438365,time_of_day,RandomForest,tuned,42,4,"{'max_depth': None, 'min_samples_split': 2}"
0.9543189368770764,0.9217153118560752,0.9520110869721149,0.9729862475442044,0.8858921161825726,0.9951698314827022,time_of_day,RandomForest,tuned,7,4,"{'max_depth': None, 'min_samples_split': 10}"
0.9534883720930233,0.9201451561707954,0.951088346268287,0.97252208047105,0.8838174273858921,0.9977529590706773,time_of_day,RandomForest,tuned,123,4,"{'max_depth': None, 'min_samples_split': 2}"
0.9759136212624585,0.9605742901825285,0.9753212902354039,0.985383064516129,0.9398340248962656,0.9991640921566853,time_of_day,XGBoost,base,42,4,
0.9759136212624585,0.9605742901825285,0.9753212902354039,0.985383064516129,0.9398340248962656,0.9991640921566853,time_of_day,XGBoost,base,7,4,
0.9759136212624585,0.9605742901825285,0.9753212902354039,0.985383064516129,0.9398340248962656,0.9991640921566853,time_of_day,XGBoost,base,123,4,
0.9817275747508306,0.9704401392732792,0.9813938064974621,0.9888324873096447,0.954356846473029,0.9989658872041467,time_of_day,XGBoost,tuned,42,4,"{'learning_rate': 0.05, 'max_depth': 3}"
0.9800664451827242,0.9676452804837083,0.9796668366669382,0.9878419452887538,0.950207468879668,0.9989184903676701,time_of_day,XGBoost,tuned,7,4,"{'learning_rate': 0.2, 'max_depth': 3}"
0.9817275747508306,0.9704401392732792,0.9813938064974621,0.9888324873096447,0.954356846473029,0.9989658872041467,time_of_day,XGBoost,tuned,123,4,"{'learning_rate': 0.05, 'max_depth': 3}"
0.9593023255813954,0.9312605228049938,0.9575884572712643,0.9736603041747474,0.8998957269597515,0.9939375137343105,time_of_day,MLP,base,42,4,
0.9875415282392026,0.9801405556025955,0.9874106266823646,0.9906348863963186,0.9704351460468884,0.9908481017566991,time_of_day,MLP,base,7,4,
0.9518272425249169,0.9230857344259407,0.9512805290556429,0.9331181040585448,0.9138885657286402,0.9775166642968248,time_of_day,MLP,base,123,4,
0.9593023255813954,0.9312605228049938,0.9575884572712643,0.9736603041747474,0.8998957269597515,0.9939375137343105,time_of_day,MLP,tuned,42,4,"{'clf__alpha': 0.0001, 'clf__hidden_layer_sizes': (128,)}"
0.9875415282392026,0.9801405556025955,0.9874106266823646,0.9906348863963186,0.9704351460468884,0.9908481017566991,time_of_day,MLP,tuned,7,4,"{'clf__alpha': 0.0001, 'clf__hidden_layer_sizes': (128,)}"
0.9485049833887044,0.9164169745829134,0.9474726613895904,0.9344380167990326,0.9009233765506306,0.9756983492974496,time_of_day,MLP,tuned,123,4,"{'clf__alpha': 0.0001, 'clf__hidden_layer_sizes': (64,)}"
0.9168744804655029,0.8850475862859764,0.9211985134819946,0.8542317073170731,0.9371500933084511,0.9840816642443735,weather,LogisticRegression,base,42,0,
0.9168744804655029,0.8850475862859764,0.9211985134819946,0.8542317073170731,0.9371500933084511,0.9840816642443735,weather,LogisticRegression,base,7,0,
0.9168744804655029,0.8850475862859764,0.9211985134819946,0.8542317073170731,0.9371500933084511,0.9840816642443735,weather,LogisticRegression,base,123,0,
0.9235245220282626,0.8910197329552169,0.9265919450458103,0.8650126602657924,0.9289458294992303,0.9789389496134365,weather,LogisticRegression,tuned,42,0,{'clf__C': 0.1}
0.9235245220282626,0.8910197329552169,0.9265919450458103,0.8650126602657924,0.9289458294992303,0.9789389496134365,weather,LogisticRegression,tuned,7,0,{'clf__C': 0.1}
0.9168744804655029,0.8850475862859764,0.9211985134819946,0.8542317073170731,0.9371500933084511,0.9840816642443735,weather,LogisticRegression,tuned,123,0,{'clf__C': 1.0}
0.9509559434746467,0.9271182350736499,0.9520300262659707,0.9100555358619875,0.9476612688229376,0.9844901574633862,weather,SVM_RBF,base,42,0,
0.9509559434746467,0.9271182350736499,0.9520300262659707,0.9100555358619875,0.9476612688229376,0.9844901574633862,weather,SVM_RBF,base,7,0,
0.9509559434746467,0.9271182350736499,0.9520300262659707,0.9100555358619875,0.9476612688229376,0.9844772576775225,weather,SVM_RBF,base,123,0,
0.9559434746467166,0.9333907224023176,0.9565556207790644,0.9220111281938648,0.9461455439839699,0.9868508182764166,weather,SVM_RBF,tuned,42,0,"{'clf__C': 10.0, 'clf__gamma': 'scale'}"
0.9559434746467166,0.9333907224023176,0.9565556207790644,0.9220111281938648,0.9461455439839699,0.9868508182764166,weather,SVM_RBF,tuned,7,0,"{'clf__C': 10.0, 'clf__gamma': 'scale'}"
0.9559434746467166,0.9333907224023176,0.9565556207790644,0.9220111281938648,0.9461455439839699,0.9868508182764166,weather,SVM_RBF,tuned,123,0,"{'clf__C': 10.0, 'clf__gamma': 'scale'}"
0.9891936824605154,0.9832657965893855,0.9892185199711486,0.9810638660474629,0.9855070905822962,0.9989895167740216,weather,RandomForest,base,42,0,
0.9875311720698254,0.9807502136198238,0.9875786577732567,0.9771420222587366,0.9844665078559696,0.9989787669524686,weather,RandomForest,base,7,0,
0.9875311720698254,0.980808601830335,0.9875972647547641,0.9758152105276452,0.9860123321952856,0.99876592048572,weather,RandomForest,base,123,0,
0.9808811305070657,0.971094087080251,0.9811467788286506,0.9587085438172633,0.9849416499686106,0.9991572139902477,weather,RandomForest,tuned,42,0,"{'max_depth': 10, 'min_samples_split': 10}"
0.9767248545303409,0.9649635947576451,0.9770960851114016,0.9510540710620583,0.9807943688134777,0.9991185146326571,weather,RandomForest,tuned,7,0,"{'max_depth': 10, 'min_samples_split': 5}"
0.9792186201163757,0.9686720381664679,0.9795359241578485,0.9552099344713212,0.9839010672422838,0.9987917200574471,weather,RandomForest,tuned,123,0,"{'max_depth': 10, 'min_samples_split': 10}"
0.9501246882793017,0.9285550258936066,0.9520173364160193,0.9011129568106313,0.9672366938708817,0.9986369226270844,weather,XGBoost,base,42,0,
0.9501246882793017,0.9285550258936066,0.9520173364160193,0.9011129568106313,0.9672366938708817,0.9986369226270844,weather,XGBoost,base,7,0,
0.9501246882793017,0.9285550258936066,0.9520173364160193,0.9011129568106313,0.9672366938708817,0.9986369226270844,weather,XGBoost,base,123,0,
0.9534497090606816,0.9329660969726881,0.9551130399670751,0.9065433266783873,0.9693178593235352,0.9993679104926858,weather,XGBoost,tuned,42,0,"{'learning_rate': 0.1, 'max_depth': 3}"
0.9534497090606816,0.9329660969726881,0.9551130399670751,0.9065433266783873,0.9693178593235352,0.9993679104926858,weather,XGBoost,tuned,7,0,"{'learning_rate': 0.1, 'max_depth': 3}"
0.9625935162094763,0.9454797050757704,0.9637361297124685,0.921602787456446,0.9765868886576483,0.9994324094220036,weather,XGBoost,tuned,123,0,"{'learning_rate': 0.2, 'max_depth': 3}"
0.914380714879468,0.8796875015171479,0.9183011553987394,0.8518715143715143,0.9232226245044333,0.9779456661019427,weather,MLP,base,42,0,
0.9168744804655029,0.8842031094785963,0.9209647929521264,0.8545730783059905,0.9325126202905032,0.9840128653864346,weather,MLP,base,7,0,
0.9326683291770573,0.9034228144682918,0.9351864475130085,0.8779782164737917,0.9393065075119753,0.9870013157781581,weather,MLP,base,123,0,
0.8969243557772236,0.8567637117836842,0.9020941718015096,0.8291039902245818,0.9030215598421065,0.97111307952288,weather,MLP,tuned,42,0,"{'clf__alpha': 0.0001, 'clf__hidden_layer_sizes': (256,)}"
0.9168744804655029,0.8842031094785963,0.9209647929521264,0.8545730783059905,0.9325126202905032,0.9840171653150558,weather,MLP,tuned,7,0,"{'clf__alpha': 0.001, 'clf__hidden_layer_sizes': (128,)}"
0.9326683291770573,0.9034228144682918,0.9351864475130085,0.8779782164737917,0.9393065075119753,0.9870013157781581,weather,MLP,tuned,123,0,"{'clf__alpha': 0.0001, 'clf__hidden_layer_sizes': (128,)}"
0.8657214345287739,0.7398553996051452,0.8725127673483942,0.7196054375030672,0.7691831087584216,0.8800228585178055,weather,LogisticRegression,base,42,1,
0.8657214345287739,0.7398553996051452,0.8725127673483942,0.7196054375030672,0.7691831087584216,0.8800228585178055,weather,LogisticRegression,base,7,1,
0.8657214345287739,0.7398553996051452,0.8725127673483942,0.7196054375030672,0.7691831087584216,0.8800228585178055,weather,LogisticRegression,base,123,1,
0.890742285237698,0.7738572932099166,0.8930474416930023,0.7630739549128218,0.7862638354186718,0.8907302694898942,weather,LogisticRegression,tuned,42,1,{'clf__C': 0.1}
0.890742285237698,0.7738572932099166,0.8930474416930023,0.7630739549128218,0.7862638354186718,0.8907302694898942,weather,LogisticRegression,tuned,7,1,{'clf__C': 0.1}
0.890742285237698,0.7738572932099166,0.8930474416930023,0.7630739549128218,0.7862638354186718,0.8907302694898942,weather,LogisticRegression,tuned,123,1,{'clf__C': 0.1}
0.932443703085905,0.8222777305042409,0.9248581223467015,0.9248331426392067,0.7680251443695861,0.8770813282001926,weather,SVM_RBF,base,42,1,
0.932443703085905,0.8222777305042409,0.9248581223467015,0.9248331426392067,0.7680251443695861,0.8770903512993263,weather,SVM_RBF,base,7,1,
0.932443703085905,0.8222777305042409,0.9248581223467015,0.9248331426392067,0.7680251443695861,0.87707531280077,weather,SVM_RBF,base,123,1,
0.9307756463719766,0.8178895263191605,0.9230027673429163,0.9191170861937452,0.7644189124157844,0.8785671318575553,weather,SVM_RBF,tuned,42,1,"{'clf__C': 10.0, 'clf__gamma': 'scale'}"
0.9307756463719766,0.8178895263191605,0.9230027673429163,0.9191170861937452,0.7644189124157844,0.8785671318575553,weather,SVM_RBF,tuned,7,1,"{'clf__C': 10.0, 'clf__gamma': 'scale'}"
0.9307756463719766,0.8178895263191605,0.9230027673429163,0.9191170861937452,0.7644189124157844,0.8785671318575553,weather,SVM_RBF,tuned,123,1,"{'clf__C': 10.0, 'clf__gamma': 'scale'}"
0.9349457881567973,0.82460240060015,0.9265917146509313,0.9492011701170118,0.7641813041385948,0.8440327237728585,weather,RandomForest,base,42,1,
0.9224353628023353,0.7973473248800063,0.9140696023043451,0.8872902127341105,0.7490315206929741,0.8521264436958614,weather,RandomForest,base,7,1,
0.9307756463719766,0.812690453738681,0.9217207944158521,0.9361924253700488,0.7538438402309913,0.8363179740134744,weather,RandomForest,base,123,1,
0.9332777314428691,0.8238629686214596,0.9256360654680404,0.9297342832386637,0.7685063763233879,0.8420536573628489,weather,RandomForest,tuned,42,1,"{'max_depth': 10, 'min_samples_split': 2}"
0.9199332777314428,0.8009518012284876,0.9137724245791862,0.859738467604153,0.7634504331087584,0.8453380654475458,weather,RandomForest,tuned,7,1,"{'max_depth': 10, 'min_samples_split': 10}"
0.9132610508757297,0.7870890191096723,0.9072463494697639,0.8365252969083325,0.754313041385948,0.8272738209817132,weather,RandomForest,tuned,123,1,"{'max_depth': 10, 'min_samples_split': 5}"
0.9124270225187656,0.7922034407459186,0.9080768271256692,0.8260848807145376,0.7670506496631376,0.8554379210779596,weather,XGBoost,base,42,1,
0.9124270225187656,0.7922034407459186,0.9080768271256692,0.8260848807145376,0.7670506496631376,0.8554379210779596,weather,XGBoost,base,7,1,
0.9124270225187656,0.7922034407459186,0.9080768271256692,0.8260848807145376,0.7670506496631376,0.8554379210779596,weather,XGBoost,base,123,1,
0.908256880733945,0.7855279761672456,0.9044681163151274,0.8123633239612622,0.7646444898941289,0.850541385948027,weather,XGBoost,tuned,42,1,"{'learning_rate': 0.2, 'max_depth': 3}"
0.908256880733945,0.7855279761672456,0.9044681163151274,0.8123633239612622,0.7646444898941289,0.850541385948027,weather,XGBoost,tuned,7,1,"{'learning_rate': 0.2, 'max_depth': 3}"
0.908256880733945,0.7855279761672456,0.9044681163151274,0.8123633239612622,0.7646444898941289,0.850541385948027,weather,XGBoost,tuned,123,1,"{'learning_rate': 0.2, 'max_depth': 3}"
0.8740617180984154,0.7393316891198274,0.8767188068369721,0.7299329994361339,0.7502015158806545,0.8800589509143406,weather,MLP,base,42,1,
0.9057547956630525,0.7865623793882968,0.9034933324078395,0.801391317016317,0.7737758662175168,0.8939605389797882,weather,MLP,base,7,1,
0.8915763135946623,0.7772394672154577,0.8942384054777636,0.7646794242721623,0.7920326034648701,0.9025264677574591,weather,MLP,base,123,1,
0.854045037531276,0.7159556250465342,0.8611477226231947,0.6983945634755772,0.7412957170356111,0.8329162656400384,weather,MLP,tuned,42,1,"{'clf__alpha': 0.0001, 'clf__hidden_layer_sizes': (64,)}"
0.9057547956630525,0.7865623793882968,0.9034933324078395,0.801391317016317,0.7737758662175168,0.8939605389797882,weather,MLP,tuned,7,1,"{'clf__alpha': 0.0001, 'clf__hidden_layer_sizes': (128,)}"
0.8915763135946623,0.7772394672154577,0.8942384054777636,0.7646794242721623,0.7920326034648701,0.9025264677574591,weather,MLP,tuned,123,1,"{'clf__alpha': 0.0001, 'clf__hidden_layer_sizes': (128,)}"
0.9129353233830846,0.8305170948464509,0.9169533345245852,0.8042449007656832,0.8662728820774798,0.9495234378695426,weather,LogisticRegression,base,42,2,
0.9129353233830846,0.8305170948464509,0.9169533345245852,0.8042449007656832,0.8662728820774798,0.9495234378695426,weather,LogisticRegression,base,7,2,
0.9129353233830846,0.8305170948464509,0.9169533345245852,0.8042449007656832,0.8662728820774798,0.9495234378695426,weather,LogisticRegression,base,123,2,
0.9129353233830846,0.8305170948464509,0.9169533345245852,0.8042449007656832,0.8662728820774798,0.9495234378695426,weather,LogisticRegression,tuned,42,2,{'clf__C': 1.0}
0.9129353233830846,0.8305170948464509,0.9169533345245852,0.8042449007656832,0.8662728820774798,0.9495234378695426,weather,LogisticRegression,tuned,7,2,{'clf__C': 1.0}
0.9129353233830846,0.8305170948464509,0.9169533345245852,0.8042449007656832,0.8662728820774798,0.9495234378695426,weather,LogisticRegression,tuned,123,2,{'clf__C': 1.0}
0.9535655058043118,0.8946120043942873,0.9522583328240452,0.9187625754527162,0.8740953597275436,0.9784009744099144,weather,SVM_RBF,base,42,2,
0.9535655058043118,0.8946120043942873,0.9522583328240452,0.9187625754527162,0.8740953597275436,0.9784009744099144,weather,SVM_RBF,base,7,2,
0.9535655058043118,0.8946120043942873,0.9522583328240452,0.9187625754527162,0.8740953597275436,0.9783980180691547,weather,SVM_RBF,base,123,2,
0.9601990049751243,0.9064874644611011,0.9583185134035174,0.9506434086359736,0.8727117922520222,0.9803107705406555,weather,SVM_RBF,tuned,42,2,"{'clf__C': 10.0, 'clf__gamma': 'scale'}"
0.9601990049751243,0.9064874644611011,0.9583185134035174,0.9506434086359736,0.8727117922520222,0.9803107705406556,weather,SVM_RBF,tuned,7,2,"{'clf__C': 10.0, 'clf__gamma': 'scale'}"
0.9601990049751243,0.9064874644611011,0.9583185134035174,0.9506434086359736,0.8727117922520222,0.9803107705406555,weather,SVM_RBF,tuned,123,2,"{'clf__C': 10.0, 'clf__gamma': 'scale'}"
0.9626865671641791,0.9235275136084953,0.9635487015993563,0.9052607465301172,0.9445508727117922,0.987290691074216,weather,RandomForest,base,42,2,
0.961028192371476,0.9193422383873571,0.9617494026480179,0.9046548401442902,0.9357705406555981,0.9869595809091338,weather,RandomForest,base,7,2,
0.9618573797678275,0.9204686209744013,0.9624282591994612,0.9084302325581395,0.933641975308642,0.9876750153729719,weather,RandomForest,base,123,2,
0.9635157545605307,0.9264736039905779,0.9646408666105526,0.902494461396982,0.9554597701149425,0.9858568658057802,weather,RandomForest,tuned,42,2,"{'max_depth': 10, 'min_samples_split': 5}"
0.966832504145937,0.9331578218096162,0.9678553332823205,0.908795928604272,0.9625904640272456,0.9863239676458068,weather,RandomForest,tuned,7,2,"{'max_depth': 10, 'min_samples_split': 2}"
0.966832504145937,0.9337846518752779,0.9679961609160306,0.9063886834319527,0.9678054491272883,0.9854843668700629,weather,RandomForest,tuned,123,2,"{'max_depth': 10, 'min_samples_split': 10}"
0.9411276948590381,0.8916415995221529,0.9451958769296778,0.84832143671251,0.9607811834823329,0.9799973984201314,weather,XGBoost,base,42,2,
0.9411276948590381,0.8916415995221529,0.9451958769296778,0.84832143671251,0.9607811834823329,0.9799973984201314,weather,XGBoost,base,7,2,
0.9411276948590381,0.8916415995221529,0.9451958769296778,0.84832143671251,0.9607811834823329,0.9799973984201314,weather,XGBoost,base,123,2,
0.9477611940298507,0.9013922002006471,0.9508449844296163,0.8620330548475628,0.9593976160068114,0.9800387871907668,weather,XGBoost,tuned,42,2,"{'learning_rate': 0.2, 'max_depth': 3}"
0.9477611940298507,0.9013922002006471,0.9508449844296163,0.8620330548475628,0.9593976160068114,0.9800387871907668,weather,XGBoost,tuned,7,2,"{'learning_rate': 0.2, 'max_depth': 3}"
0.9585406301824212,0.9208881518527654,0.9608033993128092,0.8820754716981132,0.9760536398467433,0.9811858474055154,weather,XGBoost,tuned,123,2,"{'learning_rate': 0.2, 'max_depth': 6}"
0.9419568822553898,0.8745579363428334,0.9418043959524203,0.8765415869980879,0.8726053639846743,0.9569734165838891,weather,MLP,base,42,2,
0.9552238805970149,0.9084555350636498,0.9563089930223831,0.8900508671016483,0.9298105576841209,0.9776914526275956,weather,MLP,base,7,2,
0.9494195688225538,0.8987847176838505,0.9511410350394618,0.8743171794805664,0.9290655598126862,0.9739664632704224,weather,MLP,base,123,2,
0.9419568822553898,0.8745579363428334,0.9418043959524203,0.8765415869980879,0.8726053639846743,0.9569734165838891,weather,MLP,tuned,42,2,"{'clf__alpha': 0.0001, 'clf__hidden_layer_sizes': (128,)}"
0.9543946932006634,0.9016964877205826,0.954335012333755,0.9027519391363785,0.9006492124308216,0.9719916276429686,weather,MLP,tuned,7,2,"{'clf__alpha': 0.0001, 'clf__hidden_layer_sizes': (256,)}"
0.9494195688225538,0.8987847176838505,0.9511410350394618,0.8743171794805664,0.9290655598126862,0.9739546379073838,weather,MLP,tuned,123,2,"{'clf__alpha': 0.001, 'clf__hidden_layer_sizes': (128,)}"
0.9511993382961125,0.9190374524565937,0.9529298334659553,0.8928777711713243,0.9529816176830642,0.9917294263972813,weather,LogisticRegression,base,42,3,
0.9511993382961125,0.9190374524565937,0.9529298334659553,0.8928777711713243,0.9529816176830642,0.9917294263972813,weather,LogisticRegression,base,7,3,
0.9511993382961125,0.9190374524565937,0.9529298334659553,0.8928777711713243,0.9529816176830642,0.9917294263972813,weather,LogisticRegression,base,123,3,
0.9710504549214226,0.9504090680561268,0.971659111200784,0.9327888259707056,0.9708081559901673,0.9939917147362133,weather,LogisticRegression,tuned,42,3,{'clf__C': 0.1}
0.9511993382961125,0.9190374524565937,0.9529298334659553,0.8928777711713243,0.9529816176830642,0.9917294263972813,weather,LogisticRegression,tuned,7,3,{'clf__C': 1.0}
0.9511993382961125,0.9190374524565937,0.9529298334659553,0.8928777711713243,0.9529816176830642,0.9917294263972813,weather,LogisticRegression,tuned,123,3,{'clf__C': 1.0}
0.9594706368899917,0.9255602676467817,0.9589303981643033,0.9374205877795568,0.9146989981294499,0.9913034110607293,weather,SVM_RBF,base,42,3,
0.9594706368899917,0.9255602676467817,0.9589303981643033,0.9374205877795568,0.9146989981294499,0.9913034110607293,weather,SVM_RBF,base,7,3,
0.9594706368899917,0.9255602676467817,0.9589303981643033,0.9374205877795568,0.9146989981294499,0.9913034110607293,weather,SVM_RBF,base,123,3,
0.9611248966087675,0.9280066288178734,0.9604382983740782,0.9440371456500489,0.9137269976201902,0.9918518445974399,weather,SVM_RBF,tuned,42,3,"{'clf__C': 10.0, 'clf__gamma': 'scale'}"
0.9611248966087675,0.9280066288178734,0.9604382983740782,0.9440371456500489,0.9137269976201902,0.9918518445974399,weather,SVM_RBF,tuned,7,3,"{'clf__C': 10.0, 'clf__gamma': 'scale'}"
0.9611248966087675,0.9280066288178734,0.9604382983740782,0.9440371456500489,0.9137269976201902,0.9918518445974399,weather,SVM_RBF,tuned,123,3,"{'clf__C': 10.0, 'clf__gamma': 'scale'}"
0.9710504549214226,0.9442810924408476,0.969932402789179,0.9831892411143132,0.9137931034482758,0.9974610465287095,weather,RandomForest,base,42,3,
0.9636062861869313,0.9285261302319582,0.9617839404230366,0.979047619047619,0.8916256157635468,0.9983253190218296,weather,RandomForest,base,7,3,
0.9710504549214226,0.9442810924408476,0.969932402789179,0.9831892411143132,0.9137931034482758,0.9971941748523637,weather,RandomForest,base,123,3,
0.9760132340777502,0.9544341009309163,0.9752610767925841,0.9859903381642512,0.9285714285714286,0.998202900821671,weather,RandomForest,tuned,42,3,"{'max_depth': 10, 'min_samples_split': 10}"
0.9768403639371381,0.9561002178649238,0.9761415383173765,0.9864603481624759,0.9310344827586207,0.9979825480613854,weather,RandomForest,tuned,7,3,"{'max_depth': 10, 'min_samples_split': 10}"
0.9768403639371381,0.9561002178649238,0.9761415383173765,0.9864603481624759,0.9310344827586207,0.9973998374286303,weather,RandomForest,tuned,123,3,"{'max_depth': 10, 'min_samples_split': 10}"
0.9710504549214226,0.9459374860260251,0.970410439937438,0.9671372930866602,0.9275553575101116,0.9934187975594708,weather,XGBoost,base,42,3,
0.9710504549214226,0.9459374860260251,0.970410439937438,0.9671372930866602,0.9275553575101116,0.9934187975594708,weather,XGBoost,base,7,3,
0.9710504549214226,0.9459374860260251,0.970410439937438,0.9671372930866602,0.9275553575101116,0.9934187975594708,weather,XGBoost,base,123,3,
0.9710504549214226,0.9461639166561704,0.9704752186354861,0.9650901378579003,0.9295213938046598,0.9935510092156421,weather,XGBoost,tuned,42,3,"{'learning_rate': 0.2, 'max_depth': 6}"
0.9859387923904053,0.9741739704080671,0.9857513626284318,0.9873766850885801,0.9620601514068299,0.9974732883487254,weather,XGBoost,tuned,7,3,"{'learning_rate': 0.1, 'max_depth': 3}"
0.989247311827957,0.9804898576307037,0.9891716301250179,0.9874111046195378,0.9738784044501464,0.9979825480613854,weather,XGBoost,tuned,123,3,"{'learning_rate': 0.2, 'max_depth': 3}"
0.9454094292803971,0.9052678817350341,0.9462255217336699,0.8937664314376643,0.9180459117217875,0.9806187505508819,weather,MLP,base,42,3,
0.9586435070306039,0.9302961118029611,0.9598200526172245,0.9081458342435231,0.9574547787168615,0.9936097699517182,weather,MLP,base,7,3,
0.9429280397022333,0.9032917731754395,0.9444131194558212,0.8841611371898493,0.926385039516595,0.9845851002360222,weather,MLP,base,123,3,
0.9487179487179487,0.9135671786356718,0.9501768652453585,0.892299794661191,0.9396943462378439,0.9887326288573974,weather,MLP,tuned,42,3,"{'clf__alpha': 0.0001, 'clf__hidden_layer_sizes': (256,)}"
0.9611248966087675,0.9324128710881048,0.9616714453179173,0.9208264286838426,0.9451835783329579,0.9897707351947429,weather,MLP,tuned,7,3,"{'clf__alpha': 0.0001, 'clf__hidden_layer_sizes': (256,)}"
0.9511993382961125,0.9187560151938814,0.9528554765172996,0.8935896997615527,0.9510155813885162,0.9879736360164137,weather,MLP,tuned,123,3,"{'clf__alpha': 0.0001, 'clf__hidden_layer_sizes': (64,)}"
0.8970099667774086,0.8833508350835084,0.8940261758734013,0.9130636633567466,0.8675445713453578,0.9308939827569297,weather,LogisticRegression,base,42,4,
0.8970099667774086,0.8833508350835084,0.8940261758734013,0.9130636633567466,0.8675445713453578,0.9308939827569297,weather,LogisticRegression,base,7,4,
0.8970099667774086,0.8833508350835084,0.8940261758734013,0.9130636633567466,0.8675445713453578,0.9308939827569297,weather,LogisticRegression,base,123,4,
0.8862126245847176,0.8680212224767504,0.8811255434583286,0.9167450678526627,0.8475420749339491,0.9425112115619511,weather,LogisticRegression,tuned,42,4,{'clf__C': 0.1}
0.8862126245847176,0.8680212224767504,0.8811255434583286,0.9167450678526627,0.8475420749339491,0.9425112115619511,weather,LogisticRegression,tuned,7,4,{'clf__C': 0.1}
0.8862126245847176,0.8680212224767504,0.8811255434583286,0.9167450678526627,0.8475420749339491,0.9425112115619511,weather,LogisticRegression,tuned,123,4,{'clf__C': 0.1}
0.834717607973422,0.7973521707615574,0.8206242612494111,0.8931165877420778,0.7753333749401901,0.936531711854685,weather,SVM_RBF,base,42,4,
0.834717607973422,0.7973521707615574,0.8206242612494111,0.8931165877420778,0.7753333749401901,0.9365346837730286,weather,SVM_RBF,base,7,4,
0.834717607973422,0.7973521707615574,0.8206242612494111,0.8931165877420778,0.7753333749401901,0.9365376556913723,weather,SVM_RBF,base,123,4,
0.8313953488372093,0.7925503426910263,0.8165581967775348,0.8913979141251869,0.7707982275479,0.9322462056032548,weather,SVM_RBF,tuned,42,4,"{'clf__C': 10.0, 'clf__gamma': 'scale'}"
0.834717607973422,0.7973521707615574,0.8206242612494111,0.8931165877420778,0.7753333749401901,0.9365346837730286,weather,SVM_RBF,tuned,7,4,"{'clf__C': 1.0, 'clf__gamma': 'scale'}"
0.834717607973422,0.7973521707615574,0.8206242612494111,0.8931165877420778,0.7753333749401901,0.9365376556913723,weather,SVM_RBF,tuned,123,4,"{'clf__C': 1.0, 'clf__gamma': 'scale'}"
0.840531561461794,0.8049906362301968,0.8272555738266448,0.8994764397905759,0.782312925170068,0.9608241723950394,weather,RandomForest,base,42,4,
0.8438538205980066,0.8097108403754132,0.8312677808296781,0.9011566771819137,0.7868480725623583,0.9638332397179056,weather,RandomForest,base,7,4,
0.8480066445182725,0.815558630527101,0.8362482552897885,0.9032769556025371,0.7925170068027211,0.9615805256134783,weather,RandomForest,base,123,4,
0.8621262458471761,0.8352886881706252,0.8530699506641425,0.9091981820943301,0.8122698620732697,0.9632700611917987,weather,RandomForest,tuned,42,4,"{'max_depth': 10, 'min_samples_split': 10}"
0.8762458471760798,0.8538852802834396,0.8691721221930576,0.9183114035087719,0.8310657596371882,0.9629312625006317,weather,RandomForest,tuned,7,4,"{'max_depth': 10, 'min_samples_split': 10}"
0.8687707641196013,0.8439718638863007,0.8606077927928066,0.9142236699239956,0.8208616780045351,0.9573083929945941,weather,RandomForest,tuned,123,4,"{'max_depth': 10, 'min_samples_split': 10}"
0.9003322259136213,0.8851302143790767,0.8963061224021894,0.9298013476853066,0.8649025359379225,0.9707206604791326,weather,XGBoost,base,42,4,
0.9003322259136213,0.8851302143790767,0.8963061224021894,0.9298013476853066,0.8649025359379225,0.9707206604791326,weather,XGBoost,base,7,4,
0.9003322259136213,0.8851302143790767,0.8963061224021894,0.9298013476853066,0.8649025359379225,0.9707206604791326,weather,XGBoost,base,123,4,
0.8978405315614618,0.8818446632151636,0.89347145691157,0.9294329751131222,0.8610226965403898,0.9724354573633734,weather,XGBoost,tuned,42,4,"{'learning_rate': 0.2, 'max_depth': 3}"
0.8978405315614618,0.8818446632151636,0.89347145691157,0.9294329751131222,0.8610226965403898,0.9724354573633734,weather,XGBoost,tuned,7,4,"{'learning_rate': 0.2, 'max_depth': 3}"
0.8978405315614618,0.8818446632151636,0.89347145691157,0.9294329751131222,0.8610226965403898,0.9724354573633734,weather,XGBoost,tuned,123,4,"{'learning_rate': 0.2, 'max_depth': 3}"
0.8480066445182725,0.819425902022251,0.8386388437419147,0.8847213717085118,0.7987372318958165,0.9377234511104573,weather,MLP,base,42,4,
0.8214285714285714,0.7840340726588604,0.8080680618880958,0.861084099123191,0.7648484470240695,0.9218860982575642,weather,MLP,base,7,4,
0.8480066445182725,0.8221601617518272,0.8402921169823182,0.87328216374269,0.8035220204289667,0.9452186291729447,weather,MLP,base,123,4,
0.8480066445182725,0.819425902022251,0.8386388437419147,0.8847213717085118,0.7987372318958165,0.9377234511104573,weather,MLP,tuned,42,4,"{'clf__alpha': 0.0001, 'clf__hidden_layer_sizes': (128,)}"
0.813953488372093,0.7770215524226219,0.8012911103322744,0.843454790823212,0.7594291539245668,0.933999637425962,weather,MLP,tuned,7,4,"{'clf__alpha': 0.0001, 'clf__hidden_layer_sizes': (256,)}"
0.8239202657807309,0.7913003663003664,0.8133667688900248,0.8496954544245552,0.7735130749547525,0.929574451012384,weather,MLP,tuned,123,4,"{'clf__alpha': 0.0001, 'clf__hidden_layer_sizes': (64,)}"
0.4256026600166251,0.41595398731461236,0.4267390647880734,0.41694396690498964,0.4150929097718912,0.6174425118555469,vehicle_density,LogisticRegression,base,42,0,
0.4256026600166251,0.41595398731461236,0.4267390647880734,0.41694396690498964,0.4150929097718912,0.6174425118555469,vehicle_density,LogisticRegression,base,7,0,
0.4256026600166251,0.41595398731461236,0.4267390647880734,0.41694396690498964,0.4150929097718912,0.6174425118555469,vehicle_density,LogisticRegression,base,123,0,
0.44970906068162925,0.44133008400397983,0.45151563551962315,0.44192968395472515,0.4410684995704132,0.6460653006707829,vehicle_density,LogisticRegression,tuned,42,0,{'clf__C': 0.01}
0.44970906068162925,0.44133008400397983,0.45151563551962315,0.44192968395472515,0.4410684995704132,0.6460653006707829,vehicle_density,LogisticRegression,tuned,7,0,{'clf__C': 0.01}
0.44970906068162925,0.44133008400397983,0.45151563551962315,0.44192968395472515,0.4410684995704132,0.6460653006707829,vehicle_density,LogisticRegression,tuned,123,0,{'clf__C': 0.01}
0.5369908561928513,0.5379508503184055,0.540769972371111,0.547837936249972,0.5424497482608862,0.7193497191663075,vehicle_density,SVM_RBF,base,42,0,
0.5369908561928513,0.5379508503184055,0.540769972371111,0.547837936249972,0.5424497482608862,0.7195675610865638,vehicle_density,SVM_RBF,base,7,0,
0.5369908561928513,0.5379508503184055,0.540769972371111,0.547837936249972,0.5424497482608862,0.7194053275774097,vehicle_density,SVM_RBF,base,123,0,
0.5095594347464671,0.5079498546621418,0.5137811838329001,0.5273972041493584,0.5088857212285315,0.7005624268948386,vehicle_density,SVM_RBF,tuned,42,0,"{'clf__C': 10.0, 'clf__gamma': 'scale'}"
0.5095594347464671,0.5079498546621418,0.5137811838329001,0.5273972041493584,0.5088857212285315,0.7006864417005834,vehicle_density,SVM_RBF,tuned,7,0,"{'clf__C': 10.0, 'clf__gamma': 'scale'}"
0.5095594347464671,0.5079498546621418,0.5137811838329001,0.5273972041493584,0.5088857212285315,0.7006456163389135,vehicle_density,SVM_RBF,tuned,123,0,"{'clf__C': 10.0, 'clf__gamma': 'scale'}"
0.4488778054862843,0.4409789115062785,0.42325045979882003,0.5412609138143446,0.4868778429906681,0.6955649763523443,vehicle_density,RandomForest,base,42,0,
0.4829592684954281,0.48019816631177376,0.4633934650601393,0.5530896341415156,0.5203211455896374,0.694301831466151,vehicle_density,RandomForest,base,7,0,
0.4837905236907731,0.4782342843606752,0.45831337515324266,0.5553193714896423,0.5224222776407811,0.701911268653952,vehicle_density,RandomForest,base,123,0,
0.48877805486284287,0.47809526784312845,0.4549232752813132,0.5827750978965651,0.5326141938459364,0.7075848271524349,vehicle_density,RandomForest,tuned,42,0,"{'max_depth': 30, 'min_samples_split': 5}"
0.4763092269326683,0.4725000379285665,0.4549162140754416,0.5382934730554463,0.5120612077526473,0.6934337121750298,vehicle_density,RandomForest,tuned,7,0,"{'max_depth': 30, 'min_samples_split': 5}"
0.48960931005818786,0.4846072629213462,0.4659978149369545,0.5714475709155853,0.5302017973218083,0.719876160612301,vehicle_density,RandomForest,tuned,123,0,"{'max_depth': 30, 'min_samples_split': 5}"
0.5004156275976724,0.5054647921137471,0.5027566393200642,0.5304539267588101,0.5202585362557635,0.7123356377926925,vehicle_density,XGBoost,base,42,0,
0.5004156275976724,0.5054647921137471,0.5027566393200642,0.5304539267588101,0.5202585362557635,0.7123356377926925,vehicle_density,XGBoost,base,7,0,
0.5004156275976724,0.5054647921137471,0.5027566393200642,0.5304539267588101,0.5202585362557635,0.7123356377926925,vehicle_density,XGBoost,base,123,0,
0.5054031587697423,0.5100669239348231,0.5077750556190288,0.528270320961905,0.5249222342481734,0.7095212423950277,vehicle_density,XGBoost,tuned,42,0,"{'learning_rate': 0.2, 'max_depth': 9}"
0.5270157938487116,0.5301515410112084,0.5316883017003854,0.5486373841703657,0.5423607159284344,0.7217528196887537,vehicle_density,XGBoost,tuned,7,0,"{'learning_rate': 0.2, 'max_depth': 6}"
0.5004156275976724,0.5054647921137471,0.5027566393200642,0.5304539267588101,0.5202585362557635,0.7123356377926925,vehicle_density,XGBoost,tuned,123,0,"{'learning_rate': 0.1, 'max_depth': 6}"
0.4779717373233583,0.47665092401205894,0.4823464100641599,0.48272413033707107,0.47540150559950606,0.6731291283200199,vehicle_density,MLP,base,42,0,
0.485453034081463,0.49026577975308255,0.49016598378240084,0.49723720317955444,0.489029418948188,0.6607244015530868,vehicle_density,MLP,base,7,0,
0.44970906068162925,0.4469509774430676,0.45218935817701034,0.4519457634545853,0.4436346299044495,0.6477574427556546,vehicle_density,MLP,base,123,0,
0.47547797173732337,0.4789767241825447,0.47959473295304367,0.48451239770861987,0.4802330399993057,0.6646499344217258,vehicle_density,MLP,tuned,42,0,"{'clf__alpha': 0.001, 'clf__hidden_layer_sizes': (256,)}"
0.486284289276808,0.4854228038425838,0.4904425887014754,0.4940727966773906,0.48241398345377884,0.6716310833231529,vehicle_density,MLP,tuned,7,0,"{'clf__alpha': 0.0001, 'clf__hidden_layer_sizes': (256,)}"
0.46550290939318373,0.46244333227905016,0.4704062587520235,0.46902512268365926,0.4608165527920664,0.6627360256246972,vehicle_density,MLP,tuned,123,0,"{'clf__alpha': 0.001, 'clf__hidden_layer_sizes': (64,)}"
0.475396163469558,0.4586039364523609,0.47695763500618193,0.45314742166040506,0.4664503723768916,0.6434690911908846,vehicle_density,LogisticRegression,base,42,1,
0.475396163469558,0.4586039364523609,0.47695763500618193,0.45314742166040506,0.4664503723768916,0.6434690911908846,vehicle_density,LogisticRegression,base,7,1,
0.475396163469558,0.4586039364523609,0.47695763500618193,0.45314742166040506,0.4664503723768916,0.6434690911908846,vehicle_density,LogisticRegression,base,123,1,
0.49040867389491244,0.47511352885777763,0.49118798297883753,0.4700237879104285,0.4816697931712636,0.6592693977081326,vehicle_density,LogisticRegression,tuned,42,1,{'clf__C': 0.01}
0.49040867389491244,0.47511352885777763,0.49118798297883753,0.4700237879104285,0.4816697931712636,0.6592693977081326,vehicle_density,LogisticRegression,tuned,7,1,{'clf__C': 0.01}
0.49040867389491244,0.47511352885777763,0.49118798297883753,0.4700237879104285,0.4816697931712636,0.6592693977081326,vehicle_density,LogisticRegression,tuned,123,1,{'clf__C': 0.01}
0.5479566305254379,0.5330069632819997,0.5474796039213132,0.5267147908573299,0.5414460422133777,0.692547367005798,vehicle_density,SVM_RBF,base,42,1,
0.5479566305254379,0.5330069632819997,0.5474796039213132,0.5267147908573299,0.5414460422133777,0.6922935782098505,vehicle_density,SVM_RBF,base,7,1,
0.5479566305254379,0.5330069632819997,0.5474796039213132,0.5267147908573299,0.5414460422133777,0.6922682891958164,vehicle_density,SVM_RBF,base,123,1,
0.5329441201000834,0.5174307975593405,0.5337062074905423,0.5181902879728967,0.5170182835587934,0.6900370918975319,vehicle_density,SVM_RBF,tuned,42,1,"{'clf__C': 10.0, 'clf__gamma': 'scale'}"
0.5329441201000834,0.5174307975593405,0.5337062074905423,0.5181902879728967,0.5170182835587934,0.6900386802105544,vehicle_density,SVM_RBF,tuned,7,1,"{'clf__C': 10.0, 'clf__gamma': 'scale'}"
0.5329441201000834,0.5174307975593405,0.5337062074905423,0.5181902879728967,0.5170182835587934,0.6893110945225045,vehicle_density,SVM_RBF,tuned,123,1,"{'clf__C': 10.0, 'clf__gamma': 'scale'}"
0.49291075896580483,0.4633668972901737,0.4940471586671456,0.4606784499091073,0.4666671325124548,0.6567065130116426,vehicle_density,RandomForest,base,42,1,
0.4870725604670559,0.4601390246551537,0.4873837615748641,0.45959104376466925,0.4607154523817624,0.6490409305693241,vehicle_density,RandomForest,base,7,1,
0.48206839032527105,0.4570015429068071,0.483735379713885,0.45300055506073394,0.46251115351651567,0.6470651093351606,vehicle_density,RandomForest,base,123,1,
0.48040033361134277,0.4528040339736,0.48211894459471827,0.44765288271683107,0.4615249340934593,0.6525632959812401,vehicle_density,RandomForest,tuned,42,1,"{'max_depth': None, 'min_samples_split': 10}"
0.4870725604670559,0.4601390246551537,0.4873837615748641,0.45959104376466925,0.4607154523817624,0.6490409305693241,vehicle_density,RandomForest,tuned,7,1,"{'max_depth': None, 'min_samples_split': 2}"
0.4829024186822352,0.4597434886413085,0.48499277189840395,0.4553612024927118,0.4662502751868279,0.6488850846800479,vehicle_density,RandomForest,tuned,123,1,"{'max_depth': 30, 'min_samples_split': 2}"
0.5521267723102585,0.536281639986968,0.5535242372940545,0.5287837094690837,0.5472286591434513,0.7006652187716563,vehicle_density,XGBoost,base,42,1,
0.5521267723102585,0.536281639986968,0.5535242372940545,0.5287837094690837,0.5472286591434513,0.7006652187716563,vehicle_density,XGBoost,base,7,1,
0.5521267723102585,0.536281639986968,0.5535242372940545,0.5287837094690837,0.5472286591434513,0.7006652187716563,vehicle_density,XGBoost,base,123,1,
0.530442035029191,0.5107958280122666,0.5312138642084762,0.5047723279757327,0.5190272061928344,0.6934518531635129,vehicle_density,XGBoost,tuned,42,1,"{'learning_rate': 0.2, 'max_depth': 9}"
0.5521267723102585,0.536281639986968,0.5535242372940545,0.5287837094690837,0.5472286591434513,0.7006652187716563,vehicle_density,XGBoost,tuned,7,1,"{'learning_rate': 0.1, 'max_depth': 6}"
0.5262718932443703,0.5113145373157889,0.5265617571013651,0.5043757337436633,0.5208670656262568,0.6933336600060768,vehicle_density,XGBoost,tuned,123,1,"{'learning_rate': 0.2, 'max_depth': 6}"
0.5129274395329442,0.48848000311997847,0.5109647365161466,0.4869854202401372,0.4911466717181073,0.6828819604867477,vehicle_density,MLP,base,42,1,
0.5271059216013344,0.5062288808457299,0.5255235650081895,0.5043835874270657,0.5088864451395252,0.7017163848657244,vehicle_density,MLP,base,7,1,
0.48874061718098416,0.47704270770621887,0.4887948889572164,0.4714479173381006,0.4842170439132892,0.6737000244324816,vehicle_density,MLP,base,123,1,
0.5104253544620517,0.48244961339981174,0.5071842683290206,0.4831591536960602,0.48338203026897214,0.6758877358311777,vehicle_density,MLP,tuned,42,1,"{'clf__alpha': 0.001, 'clf__hidden_layer_sizes': (256,)}"
0.5271059216013344,0.5062288808457299,0.5255235650081895,0.5043835874270657,0.5088864451395252,0.7017163848657244,vehicle_density,MLP,tuned,7,1,"{'clf__alpha': 0.0001, 'clf__hidden_layer_sizes': (128,)}"
0.5037531276063386,0.4808313894866594,0.5024171948732293,0.47928030303030306,0.4831611865172851,0.6686698977077711,vehicle_density,MLP,tuned,123,1,"{'clf__alpha': 0.0001, 'clf__hidden_layer_sizes': (64,)}"
0.48258706467661694,0.46273315460940895,0.4765201069181309,0.45954653159284625,0.4713003600036066,0.6482268069975331,vehicle_density,LogisticRegression,base,42,2,
0.48258706467661694,0.46273315460940895,0.4765201069181309,0.45954653159284625,0.4713003600036066,0.6482268069975331,vehicle_density,LogisticRegression,base,7,2,
0.48258706467661694,0.46273315460940895,0.4765201069181309,0.45954653159284625,0.4713003600036066,0.6482268069975331,vehicle_density,LogisticRegression,base,123,2,
0.48258706467661694,0.4651765431987223,0.4760973442727876,0.4640881192220478,0.4697731119603153,0.65026433130472,vehicle_density,LogisticRegression,tuned,42,2,{'clf__C': 0.01}
0.48258706467661694,0.4651765431987223,0.4760973442727876,0.4640881192220478,0.4697731119603153,0.65026433130472,vehicle_density,LogisticRegression,tuned,7,2,{'clf__C': 0.01}
0.48258706467661694,0.4651765431987223,0.4760973442727876,0.4640881192220478,0.4697731119603153,0.65026433130472,vehicle_density,LogisticRegression,tuned,123,2,{'clf__C': 0.01}
0.49336650082918737,0.4636681305000943,0.4707778858847556,0.467411471687369,0.47854253396307694,0.6665691738902,vehicle_density,SVM_RBF,base,42,2,
0.49336650082918737,0.4636681305000943,0.4707778858847556,0.467411471687369,0.47854253396307694,0.6664589578350942,vehicle_density,SVM_RBF,base,7,2,
0.49336650082918737,0.4636681305000943,0.4707778858847556,0.467411471687369,0.47854253396307694,0.6663554081040522,vehicle_density,SVM_RBF,base,123,2,
0.494195688225539,0.47434394649986317,0.4799046191880149,0.4738459123822068,0.48384225718571644,0.6747741227598292,vehicle_density,SVM_RBF,tuned,42,2,"{'clf__C': 10.0, 'clf__gamma': 'scale'}"
0.494195688225539,0.47434394649986317,0.4799046191880149,0.4738459123822068,0.48384225718571644,0.6749786619269166,vehicle_density,SVM_RBF,tuned,7,2,"{'clf__C': 10.0, 'clf__gamma': 'scale'}"
0.494195688225539,0.47434394649986317,0.4799046191880149,0.4738459123822068,0.48384225718571644,0.674545619018144,vehicle_density,SVM_RBF,tuned,123,2,"{'clf__C': 10.0, 'clf__gamma': 'scale'}"
0.4469320066334992,0.3842700559294872,0.4202783694355723,0.3934848257961465,0.39691454453178393,0.6235481534973697,vehicle_density,RandomForest,base,42,2,
0.4577114427860697,0.3975940794181502,0.433800916020326,0.4082362315675631,0.4071817457425963,0.6187178666646006,vehicle_density,RandomForest,base,7,2,
0.4494195688225539,0.3911707331712733,0.42335989689319375,0.40118238179180005,0.403511091986505,0.6145091102155247,vehicle_density,RandomForest,base,123,2,
0.4444444444444444,0.3830817101035287,0.4184431866127728,0.3921136804572387,0.394984042601282,0.6213387792808603,vehicle_density,RandomForest,tuned,42,2,"{'max_depth': 30, 'min_samples_split': 2}"
0.4577114427860697,0.3975940794181502,0.433800916020326,0.4082362315675631,0.4071817457425963,0.6187178666646006,vehicle_density,RandomForest,tuned,7,2,"{'max_depth': None, 'min_samples_split': 2}"
0.45107794361525705,0.39344558040963323,0.424417801400562,0.4039517129776822,0.4062410399224525,0.614337544646674,vehicle_density,RandomForest,tuned,123,2,"{'max_depth': 30, 'min_samples_split': 2}"
0.5248756218905473,0.5025263806677457,0.5097218873521752,0.5090263405005558,0.5106964541367427,0.6893510223260435,vehicle_density,XGBoost,base,42,2,
0.5248756218905473,0.5025263806677457,0.5097218873521752,0.5090263405005558,0.5106964541367427,0.6893510223260435,vehicle_density,XGBoost,base,7,2,
0.5248756218905473,0.5025263806677457,0.5097218873521752,0.5090263405005558,0.5106964541367427,0.6893510223260435,vehicle_density,XGBoost,base,123,2,
0.5240464344941956,0.4919704740406414,0.5019642073530315,0.5017674696699778,0.5053967309141032,0.6881051624466287,vehicle_density,XGBoost,tuned,42,2,"{'learning_rate': 0.2, 'max_depth': 9}"
0.5414593698175788,0.5165882782721313,0.5226352381731201,0.5284953465808769,0.525730886980175,0.701009014907104,vehicle_density,XGBoost,tuned,7,2,"{'learning_rate': 0.2, 'max_depth': 6}"
0.5248756218905473,0.5025263806677457,0.5097218873521752,0.5090263405005558,0.5106964541367427,0.6893510223260435,vehicle_density,XGBoost,tuned,123,2,"{'learning_rate': 0.1, 'max_depth': 6}"
0.4966832504145937,0.475434362376639,0.4819841597092943,0.47450236404325724,0.4883586860613631,0.6770289181091936,vehicle_density,MLP,base,42,2,
0.4834162520729685,0.46901582228758865,0.4727673568505705,0.460533271489413,0.4890906176457724,0.6574721699158845,vehicle_density,MLP,base,7,2,
0.48009950248756217,0.4530221081475589,0.46168114051500947,0.45101833369379934,0.47002667589339314,0.6522695085294073,vehicle_density,MLP,base,123,2,
0.48258706467661694,0.4643272906339225,0.4714494158106597,0.45967668128099537,0.4758076256842158,0.6701778943470168,vehicle_density,MLP,tuned,42,2,"{'clf__alpha': 0.001, 'clf__hidden_layer_sizes': (256,)}"
0.49834162520729686,0.47953210008119035,0.48783591623977185,0.47463837184905433,0.494433273491561,0.6752264215611672,vehicle_density,MLP,tuned,7,2,"{'clf__alpha': 0.001, 'clf__hidden_layer_sizes': (64,)}"
0.4892205638474295,0.471515071768782,0.47774691629532806,0.46780182019423533,0.4837101605660558,0.6660584665619779,vehicle_density,MLP,tuned,123,2,"{'clf__alpha': 0.001, 'clf__hidden_layer_sizes': (256,)}"
0.52191894127378,0.5134555303602922,0.5106532575349779,0.513497716901148,0.522554721493825,0.6978922819564964,vehicle_density,LogisticRegression,base,42,3,
0.52191894127378,0.5134555303602922,0.5106532575349779,0.513497716901148,0.522554721493825,0.6978922819564964,vehicle_density,LogisticRegression,base,7,3,
0.52191894127378,0.5134555303602922,0.5106532575349779,0.513497716901148,0.522554721493825,0.6978922819564964,vehicle_density,LogisticRegression,base,123,3,
0.5186104218362283,0.510117457562713,0.5066635694155571,0.5085007062112771,0.520582213435605,0.7027862101235288,vehicle_density,LogisticRegression,tuned,42,3,{'clf__C': 0.01}
0.5186104218362283,0.510117457562713,0.5066635694155571,0.5085007062112771,0.520582213435605,0.7027862101235288,vehicle_density,LogisticRegression,tuned,7,3,{'clf__C': 0.01}
0.5186104218362283,0.510117457562713,0.5066635694155571,0.5085007062112771,0.520582213435605,0.7027862101235288,vehicle_density,LogisticRegression,tuned,123,3,{'clf__C': 0.01}
0.5343258891645989,0.5198889495543055,0.5195172477908268,0.5257972561962078,0.529533975823464,0.6993650005284183,vehicle_density,SVM_RBF,base,42,3,
0.5343258891645989,0.5198889495543055,0.5195172477908268,0.5257972561962078,0.529533975823464,0.6989317763055318,vehicle_density,SVM_RBF,base,7,3,
0.5343258891645989,0.5198889495543055,0.5195172477908268,0.5257972561962078,0.529533975823464,0.6991625374103334,vehicle_density,SVM_RBF,base,123,3,
0.5268817204301075,0.5166908428372702,0.5164958006797489,0.52031648213719,0.522591339346414,0.7134248115215902,vehicle_density,SVM_RBF,tuned,42,3,"{'clf__C': 10.0, 'clf__gamma': 'scale'}"
0.5268817204301075,0.5166908428372702,0.5164958006797489,0.52031648213719,0.522591339346414,0.7127091256147059,vehicle_density,SVM_RBF,tuned,7,3,"{'clf__C': 10.0, 'clf__gamma': 'scale'}"
0.5268817204301075,0.5166908428372702,0.5164958006797489,0.52031648213719,0.522591339346414,0.7127984430304006,vehicle_density,SVM_RBF,tuned,123,3,"{'clf__C': 10.0, 'clf__gamma': 'scale'}"
0.46980976013234077,0.4399433659650174,0.44988725070289126,0.46782386236387774,0.4502055768343418,0.6677466879111017,vehicle_density,RandomForest,base,42,3,
0.42018196856906537,0.37952796038843156,0.3931343119955971,0.40642943078579935,0.39734052685524546,0.6445108856948866,vehicle_density,RandomForest,base,7,3,
0.45905707196029777,0.41898628042203345,0.430600189474963,0.44689576621936383,0.43692204961604403,0.6644239331058412,vehicle_density,RandomForest,base,123,3,
0.4507857733664185,0.4154092794257494,0.42789898542616067,0.44274048796688775,0.42893648167669335,0.6613167659716308,vehicle_density,RandomForest,tuned,42,3,"{'max_depth': 30, 'min_samples_split': 5}"
0.44747725392886684,0.4106921989621692,0.42162817893629273,0.43070992641382594,0.4270154095093041,0.6645847470618137,vehicle_density,RandomForest,tuned,7,3,"{'max_depth': 30, 'min_samples_split': 5}"
0.46319272125723737,0.4223265335414536,0.4349963085673852,0.4512306543712807,0.4401084280249743,0.6655903749193933,vehicle_density,RandomForest,tuned,123,3,"{'max_depth': 30, 'min_samples_split': 2}"
0.5070306038047974,0.49054081523575405,0.4918992870620094,0.49840362216877915,0.4999398108376339,0.6893032281321156,vehicle_density,XGBoost,base,42,3,
0.5070306038047974,0.49054081523575405,0.4918992870620094,0.49840362216877915,0.4999398108376339,0.6893032281321156,vehicle_density,XGBoost,base,7,3,
0.5070306038047974,0.49054081523575405,0.4918992870620094,0.49840362216877915,0.4999398108376339,0.6893032281321156,vehicle_density,XGBoost,base,123,3,
0.49545078577336643,0.47701076525176583,0.4781781623124123,0.48440098251366254,0.48880179383711325,0.6885966517539286,vehicle_density,XGBoost,tuned,42,3,"{'learning_rate': 0.2, 'max_depth': 6}"
0.5070306038047974,0.49054081523575405,0.4918992870620094,0.49840362216877915,0.4999398108376339,0.6893032281321156,vehicle_density,XGBoost,tuned,7,3,"{'learning_rate': 0.1, 'max_depth': 6}"
0.5070306038047974,0.49054081523575405,0.4918992870620094,0.49840362216877915,0.4999398108376339,0.6893032281321156,vehicle_density,XGBoost,tuned,123,3,"{'learning_rate': 0.1, 'max_depth': 6}"
0.5318444995864351,0.5201850278912319,0.5194823281408061,0.5266961932683435,0.5293934024508327,0.7077862330683887,vehicle_density,MLP,base,42,3,
0.522746071133168,0.5130248358191957,0.5135735237741446,0.5193171026504361,0.5169762407032962,0.713473757443105,vehicle_density,MLP,base,7,3,
0.5368072787427626,0.5276526489731398,0.5250761253857341,0.5304428904428905,0.5361099961110465,0.7097060681769317,vehicle_density,MLP,base,123,3,
0.5037220843672456,0.49049879580276984,0.49035743773407203,0.49516167321940213,0.500569337789999,0.6872383896599553,vehicle_density,MLP,tuned,42,3,"{'clf__alpha': 0.001, 'clf__hidden_layer_sizes': (128,)}"
0.5186104218362283,0.5074409594565744,0.5082613622909903,0.514144558677176,0.512253017065128,0.7110380585163933,vehicle_density,MLP,tuned,7,3,"{'clf__alpha': 0.001, 'clf__hidden_layer_sizes': (128,)}"
0.5252274607113316,0.5124263503099659,0.5109955466032998,0.5158223291784935,0.5235744151043119,0.6928338523246836,vehicle_density,MLP,tuned,123,3,"{'clf__alpha': 0.001, 'clf__hidden_layer_sizes': (64,)}"
0.5049833887043189,0.5118513451870014,0.5037399327574535,0.5099116753713289,0.5141022869619029,0.6876493897792603,vehicle_density,LogisticRegression,base,42,4,
0.5049833887043189,0.5118513451870014,0.5037399327574535,0.5099116753713289,0.5141022869619029,0.6876493897792603,vehicle_density,LogisticRegression,base,7,4,
0.5049833887043189,0.5118513451870014,0.5037399327574535,0.5099116753713289,0.5141022869619029,0.6876493897792603,vehicle_density,LogisticRegression,base,123,4,
0.5348837209302325,0.5402474798022646,0.5319599337946052,0.5365912554545508,0.5454779027126799,0.6962827210063612,vehicle_density,LogisticRegression,tuned,42,4,{'clf__C': 0.01}
0.5348837209302325,0.5402474798022646,0.5319599337946052,0.5365912554545508,0.5454779027126799,0.6962827210063612,vehicle_density,LogisticRegression,tuned,7,4,{'clf__C': 0.01}
0.5348837209302325,0.5402474798022646,0.5319599337946052,0.5365912554545508,0.5454779027126799,0.6962827210063612,vehicle_density,LogisticRegression,tuned,123,4,{'clf__C': 0.01}
0.5373754152823921,0.540628834576203,0.5324695558033992,0.5372171348231841,0.5474961236038118,0.6953498009738364,vehicle_density,SVM_RBF,base,42,4,
0.5373754152823921,0.540628834576203,0.5324695558033992,0.5372171348231841,0.5474961236038118,0.6955187246367608,vehicle_density,SVM_RBF,base,7,4,
0.5373754152823921,0.540628834576203,0.5324695558033992,0.5372171348231841,0.5474961236038118,0.6952930241747909,vehicle_density,SVM_RBF,base,123,4,
0.5332225913621262,0.539294110004629,0.5313787576234622,0.5372590170384287,0.5419691687350693,0.7057618875314674,vehicle_density,SVM_RBF,tuned,42,4,"{'clf__C': 10.0, 'clf__gamma': 'scale'}"
0.5332225913621262,0.539294110004629,0.5313787576234622,0.5372590170384287,0.5419691687350693,0.7054041670481608,vehicle_density,SVM_RBF,tuned,7,4,"{'clf__C': 10.0, 'clf__gamma': 'scale'}"
0.5332225913621262,0.539294110004629,0.5313787576234622,0.5372590170384287,0.5419691687350693,0.704975153124418,vehicle_density,SVM_RBF,tuned,123,4,"{'clf__C': 10.0, 'clf__gamma': 'scale'}"
0.45514950166112955,0.4533235613314995,0.4466795805208107,0.4578336613183016,0.46312401504482276,0.6555322237413233,vehicle_density,RandomForest,base,42,4,
0.49667774086378735,0.4907011667482634,0.48438021416262755,0.4997326550144396,0.5051136059492938,0.6801301475111928,vehicle_density,RandomForest,base,7,4,
0.46677740863787376,0.46562685161294004,0.45770684853634735,0.4686997429687488,0.4758310783415998,0.6618203740183155,vehicle_density,RandomForest,base,123,4,
0.47259136212624586,0.4719710729481125,0.46496472932096256,0.47908080492386435,0.479701553153354,0.6714480531312731,vehicle_density,RandomForest,tuned,42,4,"{'max_depth': 30, 'min_samples_split': 5}"
0.46096345514950166,0.4600304275990295,0.45397334408604073,0.46593491800604364,0.46816072205211645,0.6731767397332166,vehicle_density,RandomForest,tuned,7,4,"{'max_depth': None, 'min_samples_split': 5}"
0.46677740863787376,0.46562685161294004,0.45770684853634735,0.4686997429687488,0.4758310783415998,0.6618203740183155,vehicle_density,RandomForest,tuned,123,4,"{'max_depth': None, 'min_samples_split': 2}"
0.49335548172757476,0.4987915558006455,0.48966342181571154,0.4955330659280841,0.5041332365490935,0.6909091004072693,vehicle_density,XGBoost,base,42,4,
0.49335548172757476,0.4987915558006455,0.48966342181571154,0.4955330659280841,0.5041332365490935,0.6909091004072693,vehicle_density,XGBoost,base,7,4,
0.49335548172757476,0.4987915558006455,0.48966342181571154,0.4955330659280841,0.5041332365490935,0.6909091004072693,vehicle_density,XGBoost,base,123,4,
0.49335548172757476,0.4987915558006455,0.48966342181571154,0.4955330659280841,0.5041332365490935,0.6909091004072693,vehicle_density,XGBoost,tuned,42,4,"{'learning_rate': 0.1, 'max_depth': 6}"
0.49335548172757476,0.4987915558006455,0.48966342181571154,0.4955330659280841,0.5041332365490935,0.6909091004072693,vehicle_density,XGBoost,tuned,7,4,"{'learning_rate': 0.1, 'max_depth': 6}"
0.5149501661129569,0.5165893461884027,0.5052555383757783,0.5110884628129638,0.5301323477636488,0.691510295973579,vehicle_density,XGBoost,tuned,123,4,"{'learning_rate': 0.2, 'max_depth': 9}"
0.5033222591362126,0.5082088968965929,0.4984928294176403,0.5033405402240687,0.5158915005931114,0.6756255343980707,vehicle_density,MLP,base,42,4,
0.5232558139534884,0.5280149681041438,0.5185137179808166,0.5239773856525126,0.5358832411940843,0.6944504953915741,vehicle_density,MLP,base,7,4,
0.48588039867109634,0.48864485307455086,0.475899394093876,0.4814697263088245,0.5033152233956373,0.6829871744536339,vehicle_density,MLP,base,123,4,
0.5058139534883721,0.5105494132657731,0.5004881799490695,0.5054991966127435,0.5191066027242227,0.715687718079753,vehicle_density,MLP,tuned,42,4,"{'clf__alpha': 0.001, 'clf__hidden_layer_sizes': (256,)}"
0.5074750830564784,0.5130655796051474,0.5045533622918009,0.5101080568592907,0.5180973264801165,0.6741449827874413,vehicle_density,MLP,tuned,7,4,"{'clf__alpha': 0.001, 'clf__hidden_layer_sizes': (128,)}"
0.48421926910299,0.488473025196189,0.47818460244554056,0.483097265774555,0.49813997197004617,0.6853752647811319,vehicle_density,MLP,tuned,123,4,"{'clf__alpha': 0.001, 'clf__hidden_layer_sizes': (256,)}"
0.5344970906068163,0.5319352346437961,0.5340365322314419,0.5320933807924333,0.5319665991622049,0.5600271867284379,vru_present,LogisticRegression,base,42,0,
0.5344970906068163,0.5319352346437961,0.5340365322314419,0.5320933807924333,0.5319665991622049,0.5600271867284379,vru_present,LogisticRegression,base,7,0,
0.5344970906068163,0.5319352346437961,0.5340365322314419,0.5320933807924333,0.5319665991622049,0.5600271867284379,vru_present,LogisticRegression,base,123,0,
0.5511221945137157,0.5493706922385376,0.5510754877863776,0.5493824933392539,0.5493619441284989,0.5775598524149028,vru_present,LogisticRegression,tuned,42,0,{'clf__C': 0.01}
0.5511221945137157,0.5493706922385376,0.5510754877863776,0.5493824933392539,0.5493619441284989,0.5775598524149028,vru_present,LogisticRegression,tuned,7,0,{'clf__C': 0.01}
0.5511221945137157,0.5493706922385376,0.5510754877863776,0.5493824933392539,0.5493619441284989,0.5775598524149028,vru_present,LogisticRegression,tuned,123,0,{'clf__C': 0.01}
0.5793848711554447,0.5781533267174134,0.5767702075793166,0.5869815078236131,0.584817044414237,0.6573140621965766,vru_present,SVM_RBF,base,42,0,
0.5793848711554447,0.5781533267174134,0.5767702075793166,0.5869815078236131,0.584817044414237,0.6573057397286874,vru_present,SVM_RBF,base,7,0,
0.5793848711554447,0.5781533267174134,0.5767702075793166,0.5869815078236131,0.584817044414237,0.65728077232502,vru_present,SVM_RBF,base,123,0,
0.5768911055694098,0.5755348904917215,0.5740789537171442,0.5847193643447085,0.5824659472355536,0.6518600715732239,vru_present,SVM_RBF,tuned,42,0,"{'clf__C': 10.0, 'clf__gamma': 'scale'}"
0.5768911055694098,0.5755348904917215,0.5740789537171442,0.5847193643447085,0.5824659472355536,0.6518351041695565,vru_present,SVM_RBF,tuned,7,0,"{'clf__C': 10.0, 'clf__gamma': 'scale'}"
0.5768911055694098,0.5755348904917215,0.5740789537171442,0.5847193643447085,0.5824659472355536,0.6518378783255194,vru_present,SVM_RBF,tuned,123,0,"{'clf__C': 10.0, 'clf__gamma': 'scale'}"
0.5777223607647548,0.5629734090024943,0.5581015833072681,0.6110658012291199,0.5910464116292617,0.6837947679418537,vru_present,RandomForest,base,42,0,
0.5835411471321695,0.570193223106902,0.5655970039849938,0.6158490251624729,0.5964310483535384,0.6842622132216273,vru_present,RandomForest,base,7,0,
0.5610972568578554,0.5484927580735964,0.543915004783791,0.5865744803468285,0.5733472965850139,0.6786168058368242,vru_present,RandomForest,base,123,0,
0.5760598503740648,0.5636344238975818,0.5591661670858415,0.6047473738840239,0.5884664465836269,0.6860487696618305,vru_present,RandomForest,tuned,42,0,"{'max_depth': 30, 'min_samples_split': 5}"
0.5752285951787198,0.5650534579825421,0.5610165828992761,0.5997566909975669,0.5866701805975532,0.6852664576802509,vru_present,RandomForest,tuned,7,0,"{'max_depth': None, 'min_samples_split': 10}"
0.5827098919368247,0.5712113036069298,0.566950405393314,0.6112535797969278,0.5948372957527672,0.6951341304408134,vru_present,RandomForest,tuned,123,0,"{'max_depth': 30, 'min_samples_split': 10}"
0.5852036575228595,0.5814450154893311,0.5790381657661068,0.5989924871444072,0.5931381252254002,0.6649374427830332,vru_present,XGBoost,base,42,0,
0.5852036575228595,0.5814450154893311,0.5790381657661068,0.5989924871444072,0.5931381252254002,0.6649374427830332,vru_present,XGBoost,base,7,0,
0.5852036575228595,0.5814450154893311,0.5790381657661068,0.5989924871444072,0.5931381252254002,0.6649374427830332,vru_present,XGBoost,base,123,0,
0.5885286783042394,0.5850593927011816,0.5827570486191523,0.6019671504965622,0.5962729214636446,0.6624046383887702,vru_present,XGBoost,tuned,42,0,"{'learning_rate': 0.2, 'max_depth': 6}"
0.5852036575228595,0.5814450154893311,0.5790381657661068,0.5989924871444072,0.5931381252254002,0.6649374427830332,vru_present,XGBoost,tuned,7,0,"{'learning_rate': 0.1, 'max_depth': 6}"
0.5852036575228595,0.5814450154893311,0.5790381657661068,0.5989924871444072,0.5931381252254002,0.6649374427830332,vru_present,XGBoost,tuned,123,0,"{'learning_rate': 0.1, 'max_depth': 6}"
0.6059850374064838,0.6059847651477881,0.6060046400325796,0.6081524482584553,0.6081740505451216,0.640019973922934,vru_present,MLP,base,42,0,
0.5935162094763092,0.5933802208436296,0.5929289858351926,0.597388247112004,0.5968235914223098,0.6468249785002913,vru_present,MLP,base,7,0,
0.5743973399833749,0.5743617527061242,0.5741255825934611,0.577275230429486,0.5770771492773323,0.6232418786584182,vru_present,MLP,base,123,0,
0.5702410640066501,0.5702410640066501,0.5702410640066501,0.5723486004383167,0.5723486004383167,0.6271340194745749,vru_present,MLP,tuned,42,0,"{'clf__alpha': 0.0001, 'clf__hidden_layer_sizes': (256,)}"
0.5694098088113051,0.5693738044956491,0.56961274222682,0.57082336523126,0.5709573612228479,0.6146752850445252,vru_present,MLP,tuned,7,0,"{'clf__alpha': 0.001, 'clf__hidden_layer_sizes': (256,)}"
0.5785536159600998,0.5785431320236074,0.5786706865842642,0.5802985546121617,0.5803881044192305,0.6332870974006158,vru_present,MLP,tuned,123,0,"{'clf__alpha': 0.0001, 'clf__hidden_layer_sizes': (256,)}"
0.6263552960800667,0.6261053569439804,0.6261134194967574,0.6266619242893408,0.6263341680578742,0.6591457985531441,vru_present,LogisticRegression,base,42,1,
0.6263552960800667,0.6261053569439804,0.6261134194967574,0.6266619242893408,0.6263341680578742,0.6591457985531441,vru_present,LogisticRegression,base,7,1,
0.6263552960800667,0.6261053569439804,0.6261134194967574,0.6266619242893408,0.6263341680578742,0.6591457985531441,vru_present,LogisticRegression,base,123,1,
0.628023352793995,0.6275443112738133,0.6275554517742827,0.6286403015710554,0.6279938786867001,0.6642877017250973,vru_present,LogisticRegression,tuned,42,1,{'clf__C': 0.01}
0.628023352793995,0.6275443112738133,0.6275554517742827,0.6286403015710554,0.6279938786867001,0.6642877017250973,vru_present,LogisticRegression,tuned,7,1,{'clf__C': 0.01}
0.628023352793995,0.6275443112738133,0.6275554517742827,0.6286403015710554,0.6279938786867001,0.6642877017250973,vru_present,LogisticRegression,tuned,123,1,{'clf__C': 0.01}
0.6497080900750626,0.6496201052016364,0.6496154744188245,0.6498802295136761,0.6497217584863662,0.6790456316082359,vru_present,SVM_RBF,base,42,1,
0.6497080900750626,0.6496201052016364,0.6496154744188245,0.6498802295136761,0.6497217584863662,0.6791277128547578,vru_present,SVM_RBF,base,7,1,
0.6497080900750626,0.6496201052016364,0.6496154744188245,0.6498802295136761,0.6497217584863662,0.6790400667779632,vru_present,SVM_RBF,base,123,1,
0.6321934945788157,0.6318616171356362,0.6318523983177701,0.6327108258766492,0.6322189760712298,0.6944351697273233,vru_present,SVM_RBF,tuned,42,1,"{'clf__C': 10.0, 'clf__gamma': 'scale'}"
0.6321934945788157,0.6318616171356362,0.6318523983177701,0.6327108258766492,0.6322189760712298,0.6944435169727323,vru_present,SVM_RBF,tuned,7,1,"{'clf__C': 10.0, 'clf__gamma': 'scale'}"
0.6321934945788157,0.6318616171356362,0.6318523983177701,0.6327108258766492,0.6322189760712298,0.694415692821369,vru_present,SVM_RBF,tuned,123,1,"{'clf__C': 10.0, 'clf__gamma': 'scale'}"
0.6071726438698916,0.5927018986314707,0.592637868785283,0.6252020461022143,0.6073302726766834,0.6848386199220924,vru_present,RandomForest,base,42,1,
0.5904920767306089,0.575954915195881,0.5758894324862652,0.6051278824372205,0.5906469115191987,0.6813132999443517,vru_present,RandomForest,base,7,1,
0.6130108423686406,0.5988856332049004,0.5988228544975062,0.6318181818181818,0.6131677796327212,0.6822509738452978,vru_present,RandomForest,base,123,1,
0.5954962468723937,0.5824420514168241,0.5823804750231658,0.6093879278522423,0.5956441291040624,0.6568642181413467,vru_present,RandomForest,tuned,42,1,"{'max_depth': 30, 'min_samples_split': 5}"
0.6088407005838199,0.5941656316283648,0.5941012672908409,0.6275261403440239,0.6089997217584864,0.6722648859209794,vru_present,RandomForest,tuned,7,1,"{'max_depth': 30, 'min_samples_split': 5}"
0.6088407005838199,0.5983249581239531,0.5982707532659126,0.6217961874552975,0.6089760712298276,0.6677351140790206,vru_present,RandomForest,tuned,123,1,"{'max_depth': 30, 'min_samples_split': 10}"
0.6246872393661385,0.6232129588764057,0.6231933018032093,0.6267500706813685,0.6247398441847524,0.6888397328881468,vru_present,XGBoost,base,42,1,
0.6246872393661385,0.6232129588764057,0.6231933018032093,0.6267500706813685,0.6247398441847524,0.6888397328881468,vru_present,XGBoost,base,7,1,
0.6246872393661385,0.6232129588764057,0.6231933018032093,0.6267500706813685,0.6247398441847524,0.6888397328881468,vru_present,XGBoost,base,123,1,
0.6246872393661385,0.6232129588764057,0.6231933018032093,0.6267500706813685,0.6247398441847524,0.6888397328881468,vru_present,XGBoost,tuned,42,1,"{'learning_rate': 0.1, 'max_depth': 6}"
0.6105087572977481,0.6091766530490312,0.6091576229883352,0.612108173687329,0.6105578742348359,0.701981079577073,vru_present,XGBoost,tuned,7,1,"{'learning_rate': 0.1, 'max_depth': 9}"
0.6121768140116765,0.6117446993421314,0.6117338964753927,0.6127194208407871,0.6122050639955481,0.6912186978297162,vru_present,XGBoost,tuned,123,1,"{'learning_rate': 0.2, 'max_depth': 6}"
0.6305254378648875,0.6294697263002222,0.6294532308070243,0.6320994257403445,0.6305703951029493,0.672359488035615,vru_present,MLP,base,42,1,
0.6105087572977481,0.6103775823401991,0.6103716198421287,0.6106803122927662,0.6105244852531998,0.668528102392877,vru_present,MLP,base,7,1,
0.6321934945788157,0.6321771196150081,0.6321791664854842,0.63220896967808,0.6321883695047301,0.6504757929883139,vru_present,MLP,base,123,1,
0.6246872393661385,0.6246556473829201,0.6246585193813945,0.6247181942163712,0.6246800222593211,0.6541597106288258,vru_present,MLP,tuned,42,1,"{'clf__alpha': 0.001, 'clf__hidden_layer_sizes': (256,)}"
0.6055045871559633,0.6054343250924448,0.6054387164714147,0.6055643724245462,0.6054938786867,0.6549276572064553,vru_present,MLP,tuned,7,1,"{'clf__alpha': 0.001, 'clf__hidden_layer_sizes': (128,)}"
0.6422018348623854,0.6412425536544896,0.6412580259320363,0.6436710177775029,0.6421591541457985,0.6847245409015026,vru_present,MLP,tuned,123,1,"{'clf__alpha': 0.0001, 'clf__hidden_layer_sizes': (64,)}"
0.587893864013267,0.566653435968845,0.5825638689609214,0.570323483855594,0.5667658345800022,0.5858052255457299,vru_present,LogisticRegression,base,42,2,
0.587893864013267,0.566653435968845,0.5825638689609214,0.570323483855594,0.5667658345800022,0.5858052255457299,vru_present,LogisticRegression,base,7,2,
0.587893864013267,0.566653435968845,0.5825638689609214,0.570323483855594,0.5667658345800022,0.5858052255457299,vru_present,LogisticRegression,base,123,2,
0.593698175787728,0.5738933803275946,0.5891278383738511,0.5771266445568017,0.5737240850770201,0.6028494749850823,vru_present,LogisticRegression,tuned,42,2,{'clf__C': 0.01}
0.593698175787728,0.5738933803275946,0.5891278383738511,0.5771266445568017,0.5737240850770201,0.6028494749850823,vru_present,LogisticRegression,tuned,7,2,{'clf__C': 0.01}
0.593698175787728,0.5738933803275946,0.5891278383738511,0.5771266445568017,0.5737240850770201,0.6028494749850823,vru_present,LogisticRegression,tuned,123,2,{'clf__C': 0.01}
0.632669983416252,0.6109425281329672,0.6261898651738688,0.6183724771087848,0.6102630306355324,0.6717193284107588,vru_present,SVM_RBF,base,42,2,
0.632669983416252,0.6109425281329672,0.6261898651738688,0.6183724771087848,0.6102630306355324,0.6717589201632312,vru_present,SVM_RBF,base,7,2,
0.632669983416252,0.6109425281329672,0.6261898651738688,0.6183724771087848,0.6102630306355324,0.6717730600748284,vru_present,SVM_RBF,base,123,2,
0.6368159203980099,0.6151736799160741,0.6303081138195258,0.6229358718348514,0.6143848148661375,0.6669174144323249,vru_present,SVM_RBF,tuned,42,2,"{'clf__C': 10.0, 'clf__gamma': 'scale'}"
0.6368159203980099,0.6151736799160741,0.6303081138195258,0.6229358718348514,0.6143848148661375,0.6669046885118874,vru_present,SVM_RBF,tuned,7,2,"{'clf__C': 10.0, 'clf__gamma': 'scale'}"
0.6368159203980099,0.6151736799160741,0.6303081138195258,0.6229358718348514,0.6143848148661375,0.6669061025030472,vru_present,SVM_RBF,tuned,123,2,"{'clf__C': 10.0, 'clf__gamma': 'scale'}"
0.675787728026534,0.6457830510766318,0.6628797330993681,0.6708803491590376,0.6452677957857407,0.7118384995857007,vru_present,RandomForest,base,42,2,
0.6467661691542289,0.6031043635992819,0.6249352663767553,0.6402201681962216,0.6084969556770331,0.7042962707397153,vru_present,RandomForest,base,7,2,
0.654228855721393,0.6172189150494249,0.6369575500744745,0.6469838602144564,0.6197056636001912,0.7022304296553539,vru_present,RandomForest,base,123,2,
0.6674958540630183,0.6371054339710422,0.6545211474907993,0.660648921779263,0.6370242273245308,0.6998916882771649,vru_present,RandomForest,tuned,42,2,"{'max_depth': None, 'min_samples_split': 10}"
0.6658374792703151,0.6341358209168699,0.6519959101300784,0.6592516678723574,0.6344705592900634,0.7011048926922109,vru_present,RandomForest,tuned,7,2,"{'max_depth': 30, 'min_samples_split': 10}"
0.6558872305140961,0.6199180586196029,0.6393084477810548,0.6486449229411927,0.6219765334027132,0.7049127708853564,vru_present,RandomForest,tuned,123,2,"{'max_depth': 30, 'min_samples_split': 2}"
0.6393034825870647,0.6150010237577854,0.6310422507078047,0.6256265508684864,0.6145389399025477,0.6680429513954678,vru_present,XGBoost,base,42,2,
0.6393034825870647,0.6150010237577854,0.6310422507078047,0.6256265508684864,0.6145389399025477,0.6680429513954678,vru_present,XGBoost,base,7,2,
0.6393034825870647,0.6150010237577854,0.6310422507078047,0.6256265508684864,0.6145389399025477,0.6680429513954678,vru_present,XGBoost,base,123,2,
0.6393034825870647,0.6150010237577854,0.6310422507078047,0.6256265508684864,0.6145389399025477,0.6680429513954678,vru_present,XGBoost,tuned,42,2,"{'learning_rate': 0.1, 'max_depth': 6}"
0.6393034825870647,0.6150010237577854,0.6310422507078047,0.6256265508684864,0.6145389399025477,0.6680429513954678,vru_present,XGBoost,tuned,7,2,"{'learning_rate': 0.1, 'max_depth': 6}"
0.6376451077943616,0.614250047759267,0.6300042969411488,0.6237653940886699,0.613682061259753,0.6495224951853601,vru_present,XGBoost,tuned,123,2,"{'learning_rate': 0.2, 'max_depth': 6}"
0.6119402985074627,0.5920964384828862,0.6070166339900865,0.5964208026710073,0.5916336971061257,0.6417851355593326,vru_present,MLP,base,42,2,
0.6293532338308457,0.6142015222050863,0.6268807787956799,0.6164257830653406,0.6133568432930158,0.6572174350765959,vru_present,MLP,base,7,2,
0.6417910447761194,0.6240474761003094,0.6375921850131415,0.628811524609844,0.6228942136653761,0.6750874553532291,vru_present,MLP,base,123,2,
0.6318407960199005,0.6136043504364291,0.6275253012635065,0.6180872348939576,0.6126625736335897,0.649559258955513,vru_present,MLP,tuned,42,2,"{'clf__alpha': 0.001, 'clf__hidden_layer_sizes': (64,)}"
0.6227197346600332,0.6075642205673166,0.6203536839366977,0.6095348567451572,0.6068185481704369,0.64449434262137,vru_present,MLP,tuned,7,2,"{'clf__alpha': 0.001, 'clf__hidden_layer_sizes': (128,)}"
0.6376451077943616,0.6195520430357468,0.6333110276430585,0.6243146214099217,0.6184896312028256,0.6760800771473576,vru_present,MLP,tuned,123,2,"{'clf__alpha': 0.001, 'clf__hidden_layer_sizes': (128,)}"
0.6153846153846154,0.6036532275064386,0.6196146831291504,0.603765117812287,0.6084516991991846,0.6584635695632285,vru_present,LogisticRegression,base,42,3,
0.6153846153846154,0.6036532275064386,0.6196146831291504,0.603765117812287,0.6084516991991846,0.6584635695632285,vru_present,LogisticRegression,base,7,3,
0.6153846153846154,0.6036532275064386,0.6196146831291504,0.603765117812287,0.6084516991991846,0.6584635695632285,vru_present,LogisticRegression,base,123,3,
0.6220016542597188,0.6109241478383032,0.626291472922914,0.6110883672554867,0.6162716634143799,0.6722418774862623,vru_present,LogisticRegression,tuned,42,3,{'clf__C': 0.01}
0.6220016542597188,0.6109241478383032,0.626291472922914,0.6110883672554867,0.6162716634143799,0.6722418774862623,vru_present,LogisticRegression,tuned,7,3,{'clf__C': 0.01}
0.6220016542597188,0.6109241478383032,0.626291472922914,0.6110883672554867,0.6162716634143799,0.6722418774862623,vru_present,LogisticRegression,tuned,123,3,{'clf__C': 0.01}
0.6923076923076923,0.6837393114311432,0.6959244962957835,0.6828291642963266,0.6916774271999259,0.7303863948256794,vru_present,SVM_RBF,base,42,3,
0.6923076923076923,0.6837393114311432,0.6959244962957835,0.6828291642963266,0.6916774271999259,0.730331385821574,vru_present,SVM_RBF,base,7,3,
0.6923076923076923,0.6837393114311432,0.6959244962957835,0.6828291642963266,0.6916774271999259,0.7303458618752859,vru_present,SVM_RBF,base,123,3,
0.6799007444168734,0.6723106823315181,0.683984527821494,0.6725249852865951,0.6816238078969767,0.7233756420129821,vru_present,SVM_RBF,tuned,42,3,"{'clf__C': 10.0, 'clf__gamma': 'scale'}"
0.6799007444168734,0.6723106823315181,0.683984527821494,0.6725249852865951,0.6816238078969767,0.7233684039861261,vru_present,SVM_RBF,tuned,7,3,"{'clf__C': 10.0, 'clf__gamma': 'scale'}"
0.6799007444168734,0.6723106823315181,0.683984527821494,0.6725249852865951,0.6816238078969767,0.7233770896183533,vru_present,SVM_RBF,tuned,123,3,"{'clf__C': 10.0, 'clf__gamma': 'scale'}"
0.696443341604632,0.6831093497464964,0.6983251549717076,0.6814557809296257,0.6860158425931824,0.7654850346556726,vru_present,RandomForest,base,42,3,
0.6989247311827957,0.6855881344307271,0.7007457925866926,0.6839280062396853,0.6884362387738203,0.7666937851406204,vru_present,RandomForest,base,7,3,
0.7113316790736146,0.6984371571655132,0.7130337559654838,0.6966602384291725,0.7013575643171066,0.7680994099560507,vru_present,RandomForest,base,123,3,
0.6931348221670802,0.6791972690152963,0.6948493624357521,0.6776775855723224,0.6816961881655366,0.7626506233388729,vru_present,RandomForest,tuned,42,3,"{'max_depth': 30, 'min_samples_split': 2}"
0.6989247311827957,0.6855881344307271,0.7007457925866926,0.6839280062396853,0.6884362387738203,0.7666937851406204,vru_present,RandomForest,tuned,7,3,"{'max_depth': None, 'min_samples_split': 2}"
0.7113316790736146,0.6984371571655132,0.7130337559654838,0.6966602384291725,0.7013575643171066,0.7680994099560507,vru_present,RandomForest,tuned,123,3,"{'max_depth': None, 'min_samples_split': 2}"
0.6765922249793217,0.6648820895998526,0.6795456662033471,0.6634252539912917,0.6695203793884157,0.7358901904469626,vru_present,XGBoost,base,42,3,
0.6765922249793217,0.6648820895998526,0.6795456662033471,0.6634252539912917,0.6695203793884157,0.7358901904469626,vru_present,XGBoost,base,7,3,
0.6765922249793217,0.6648820895998526,0.6795456662033471,0.6634252539912917,0.6695203793884157,0.7358901904469626,vru_present,XGBoost,base,123,3,
0.652605459057072,0.6396781243790979,0.6556538261863759,0.638567603224472,0.6435286249486101,0.7253950515057992,vru_present,XGBoost,tuned,42,3,"{'learning_rate': 0.1, 'max_depth': 9}"
0.6832092638544252,0.6725632302495409,0.686383539929276,0.6711386997730611,0.6781596882437073,0.7419527617415271,vru_present,XGBoost,tuned,7,3,"{'learning_rate': 0.2, 'max_depth': 6}"
0.6832092638544252,0.6725632302495409,0.686383539929276,0.6711386997730611,0.6781596882437073,0.7419527617415271,vru_present,XGBoost,tuned,123,3,"{'learning_rate': 0.2, 'max_depth': 6}"
0.6650124069478908,0.6537548518304546,0.668369017418686,0.6526456748097718,0.6589079844121853,0.7115183064175241,vru_present,MLP,base,42,3,
0.6600496277915633,0.6479651152493261,0.6632326020772419,0.6468110558985427,0.6524285027707166,0.7031308808968205,vru_present,MLP,base,7,3,
0.6625310173697271,0.6517208072797519,0.6660836685730052,0.650797373358349,0.6573069328716437,0.7096508954886827,vru_present,MLP,base,123,3,
0.6492969396195203,0.6405116553058992,0.6536663402834377,0.6409707459990528,0.648221761562024,0.7107163330418822,vru_present,MLP,tuned,42,3,"{'clf__alpha': 0.001, 'clf__hidden_layer_sizes': (256,)}"
0.6550868486352357,0.6419004202841624,0.6579855893503423,0.6407188645970383,0.6455393488091998,0.6919582626419377,vru_present,MLP,tuned,7,3,"{'clf__alpha': 0.0001, 'clf__hidden_layer_sizes': (256,)}"
0.6608767576509512,0.6504301833568407,0.6645755447215932,0.6496741154562384,0.6563761226179654,0.7085159728776658,vru_present,MLP,tuned,123,3,"{'clf__alpha': 0.001, 'clf__hidden_layer_sizes': (256,)}"
0.6353820598006644,0.6346741479685957,0.634300156812031,0.6383903999552967,0.6367501546072976,0.6871825028712784,vru_present,LogisticRegression,base,42,4,
0.6353820598006644,0.6346741479685957,0.634300156812031,0.6383903999552967,0.6367501546072976,0.6871825028712784,vru_present,LogisticRegression,base,7,4,
0.6353820598006644,0.6346741479685957,0.634300156812031,0.6383903999552967,0.6367501546072976,0.6871825028712784,vru_present,LogisticRegression,base,123,4,
0.643687707641196,0.642513608632008,0.6420371626572651,0.6481062683712361,0.64536951144094,0.6867628544924463,vru_present,LogisticRegression,tuned,42,4,{'clf__C': 0.01}
0.643687707641196,0.642513608632008,0.6420371626572651,0.6481062683712361,0.64536951144094,0.6867628544924463,vru_present,LogisticRegression,tuned,7,4,{'clf__C': 0.01}
0.643687707641196,0.642513608632008,0.6420371626572651,0.6481062683712361,0.64536951144094,0.6867628544924463,vru_present,LogisticRegression,tuned,123,4,{'clf__C': 0.01}
0.6387043189368771,0.6359354396072268,0.6351970717859867,0.6467366178214637,0.6410791589363019,0.6555321804046295,vru_present,SVM_RBF,base,42,4,
0.6387043189368771,0.6359354396072268,0.6351970717859867,0.6467366178214637,0.6410791589363019,0.6554935285802632,vru_present,SVM_RBF,base,7,4,
0.6387043189368771,0.6359354396072268,0.6351970717859867,0.6467366178214637,0.6410791589363019,0.6555570280060076,vru_present,SVM_RBF,base,123,4,
0.6519933554817275,0.6464320882525064,0.645400859892121,0.6677849745956639,0.6552643784786643,0.6567662779397474,vru_present,SVM_RBF,tuned,42,4,"{'clf__C': 10.0, 'clf__gamma': 'scale'}"
0.6519933554817275,0.6464320882525064,0.645400859892121,0.6677849745956639,0.6552643784786643,0.6567290065376801,vru_present,SVM_RBF,tuned,7,4,"{'clf__C': 10.0, 'clf__gamma': 'scale'}"
0.6519933554817275,0.6464320882525064,0.645400859892121,0.6677849745956639,0.6552643784786643,0.6567538541390583,vru_present,SVM_RBF,tuned,123,4,"{'clf__C': 10.0, 'clf__gamma': 'scale'}"
0.5357142857142857,0.5109371991207513,0.5083772049339655,0.5531263003282607,0.5412414965986394,0.5308855685131195,vru_present,RandomForest,base,42,4,
0.5274086378737541,0.5059363990725616,0.5035410895648589,0.5403451308957865,0.5325448361162647,0.5349923248520188,vru_present,RandomForest,base,7,4,
0.5490033222591362,0.5288520230755649,0.526586013528818,0.5668405886064078,0.5541125541125541,0.5454393608092587,vru_present,RandomForest,base,123,4,
0.5415282392026578,0.5218922651933702,0.5196389567005011,0.5569767441860465,0.5465367965367965,0.5317331478045764,vru_present,RandomForest,tuned,42,4,"{'max_depth': 30, 'min_samples_split': 10}"
0.5357142857142857,0.5179705712781691,0.5158198180131853,0.5484755885825405,0.5404684601113172,0.5408522175103808,vru_present,RandomForest,tuned,7,4,"{'max_depth': 30, 'min_samples_split': 10}"
0.532392026578073,0.5118474845654675,0.5095185486288157,0.5460984834326141,0.5374536178107606,0.5350282158317873,vru_present,RandomForest,tuned,123,4,"{'max_depth': None, 'min_samples_split': 5}"
0.6245847176079734,0.6169480740696944,0.6156902739575073,0.6413431218573846,0.6282081014223871,0.626949156285891,vru_present,XGBoost,base,42,4,
0.6245847176079734,0.6169480740696944,0.6156902739575073,0.6413431218573846,0.6282081014223871,0.626949156285891,vru_present,XGBoost,base,7,4,
0.6245847176079734,0.6169480740696944,0.6156902739575073,0.6413431218573846,0.6282081014223871,0.626949156285891,vru_present,XGBoost,base,123,4,
0.6129568106312292,0.6066882017115874,0.6055334579632323,0.6257227159785933,0.616226035868893,0.6355105353829844,vru_present,XGBoost,tuned,42,4,"{'learning_rate': 0.2, 'max_depth': 6}"
0.6096345514950167,0.6033121347734896,0.6021474790616292,0.6221270546636086,0.6129019789734076,0.63475130311865,vru_present,XGBoost,tuned,7,4,"{'learning_rate': 0.1, 'max_depth': 9}"
0.6245847176079734,0.6169480740696944,0.6156902739575073,0.6413431218573846,0.6282081014223871,0.626949156285891,vru_present,XGBoost,tuned,123,4,"{'learning_rate': 0.1, 'max_depth': 6}"
0.6303986710963455,0.6263714346882232,0.6254693337328039,0.6405782274260164,0.6331555349412492,0.6738752319109462,vru_present,MLP,base,42,4,
0.6254152823920266,0.6233572288174682,0.6227097512883938,0.6312468909450106,0.6274737167594311,0.6406954015372383,vru_present,MLP,base,7,4,
0.6104651162790697,0.6082270950195479,0.6075384730935411,0.6160228698926231,0.6125541125541125,0.6376860809258769,vru_present,MLP,base,123,4,
0.6229235880398671,0.6190117736274092,0.6181139801556975,0.6323028251741745,0.6256184291898578,0.6453087728597933,vru_present,MLP,tuned,42,4,"{'clf__alpha': 0.001, 'clf__hidden_layer_sizes': (256,)}"
0.6303986710963455,0.6283679973919587,0.6277291337546236,0.6363805625435268,0.6324598021026593,0.6335282489619225,vru_present,MLP,tuned,7,4,"{'clf__alpha': 0.001, 'clf__hidden_layer_sizes': (128,)}"
0.6104651162790697,0.6082270950195479,0.6075384730935411,0.6160228698926231,0.6125541125541125,0.6376860809258769,vru_present,MLP,tuned,123,4,"{'clf__alpha': 0.0001, 'clf__hidden_layer_sizes': (128,)}"
